state,Location,White,Black,Hispanic,total,year,,,,,,,,
US,United States,193573200,35033200,45753600,295269800,2008,,,,,,,,
AL,Alabama,3108700,1169700,124800,4526900,2008,,,,,,,,
AK,Alaska,433100,18700,34600,654700,2008,,,,,,,,
AZ,Arizona,3704300,214500,1922100,6363000,2008,,,,,,,,
AR,Arkansas,2096900,422400,152500,2769700,2008,,,,,,,,
CA,California,15080500,2071300,13174300,35882000,2008,,,,,,,,
CO,Colorado,3422900,160700,967900,4816700,2008,,,,,,,,
CT,Connecticut,2498400,298400,410400,3383800,2008,,,,,,,,
DE,Delaware,571900,168500,60800,844200,2008,,,,,,,,
DC,District of Columbia,176700,301800,48800,558900,2008,,,,,,,,
FL,Florida,10772300,2598100,3771200,17874300,2008,,,,,,,,
GA,Georgia,5466500,2726500,761300,9376400,2008,,,,,,,,
HI,Hawaii,290100,23800,100400,1229000,2008,,,,,,,,
ID,Idaho,1259500,8400,154600,1484300,2008,,,,,,,,
IL,Illinois,8094900,1775900,1931100,12556000,2008,,,,,,,,
IN,Indiana,5143900,515100,314100,6172900,2008,,,,,,,,
IA,Iowa,2609000,77500,118700,2894000,2008,,,,,,,,
KS,Kansas,2172500,140800,259600,2701400,2008,,,,,,,,
KY,Kentucky,3649900,296600,95900,4143600,2008,,,,,,,,
LA,Louisiana,2658000,1335400,146100,4273800,2008,,,,,,,,
ME,Maine,1215200,9700,12000,1274100,2008,,,,,,,,
MD,Maryland,3143000,1555700,365200,5470000,2008,,,,,,,,
MA,Massachusetts,4932400,350600,536700,6265100,2008,,,,,,,,
MI,Michigan,7594800,1317400,396100,9764400,2008,,,,,,,,
MN,Minnesota,4326700,233700,212800,5084500,2008,,,,,,,,
MS,Mississippi,1661000,1054600,51400,2826800,2008,,,,,,,,
MO,Missouri,4729200,618900,175800,5728200,2008,,,,,,,,
MT,Montana,824400,2900,29600,938500,2008,,,,,,,,
NE,Nebraska,1442000,70500,143400,1721000,2008,,,,,,,,
NV,Nevada,1447500,181000,664100,2556800,2008,,,,,,,,
NH,New Hampshire,1185300,8000,37700,1275300,2008,,,,,,,,
NJ,New Jersey,5240200,1085700,1399200,8494600,2008,,,,,,,,
NM,New Mexico,803100,36000,876200,1934000,2008,,,,,,,,
NY,New York,11360200,2748600,3154900,18944000,2008,,,,,,,,
NC,North Carolina,5975700,1853900,657500,8886300,2008,,,,,,,,
ND,North Dakota,550200,4200,12600,610300,2008,,,,,,,,
OH,Ohio,9210900,1276300,285400,11157500,2008,,,,,,,,
OK,Oklahoma,2507300,238200,267200,3508800,2008,,,,,,,,
OR,Oregon,2963100,63000,408300,3711900,2008,,,,,,,,
PA,Pennsylvania,9799700,1176300,566700,12002700,2008,,,,,,,,
RI,Rhode Island,793100,47200,115500,1009400,2008,,,,,,,,
SC,South Carolina,2819300,1205500,167900,4318400,2008,,,,,,,,
SD,South Dakota,662700,6700,21300,769900,2008,,,,,,,,
TN,Tennessee,4662800,970400,228400,6045200,2008,,,,,,,,
TX,Texas,11213000,2591500,8626100,23643000,2008,,,,,,,,
UT,Utah,2202100,25800,317800,2686800,2008,,,,,,,,
VT,Vermont,569600,3400,6200,599100,2008,,,,,,,,
VA,Virginia,4973600,1413300,504200,7418400,2008,,,,,,,,
WA,Washington,4795600,204900,625000,6370500,2008,,,,,,,,
WV,West Virginia,1654600,55000,20100,1765200,2008,,,,,,,,
WI,Wisconsin,4658700,295500,277500,5467500,2008,,,,,,,,
WY,Wyoming,446500,4500,41600,516100,2008,,,,,,,,
US,United States,193827600,35385000,47231900,297997800,2009,,,,,,,,
AL,Alabama,3121200,1170200,143800,4569100,2009,,,,,,,,
AK,Alaska,434000,25100,41700,668900,2009,,,,,,,,
AZ,Arizona,3702000,226100,1983800,6457900,2009,,,,,,,,
AR,Arkansas,2101100,424900,168300,2796100,2009,,,,,,,,
CA,California,14957800,2040100,13409700,36094800,2009,,,,,,,,
CO,Colorado,3456700,171700,990300,4891000,2009,,,,,,,,
CT,Connecticut,2485400,306700,419600,3403200,2009,,,,,,,,
DE,Delaware,578700,170700,61800,855500,2009,,,,,,,,
DC,District of Columbia,180200,306300,51700,567800,2009,,,,,,,,
FL,Florida,10731700,2655700,3920500,18067300,2009,,,,,,,,
GA,Georgia,5465500,2773400,789600,9484800,2009,,,,,,,,
HI,Hawaii,290900,20700,108200,1223500,2009,,,,,,,,
ID,Idaho,1274600,9800,161100,1507700,2009,,,,,,,,
IL,Illinois,8092800,1773000,1937500,12558400,2009,,,,,,,,
IN,Indiana,5149600,536200,341300,6221900,2009,,,,,,,,
IA,Iowa,2614000,64200,127300,2902600,2009,,,,,,,,
KS,Kansas,2176900,144800,254100,2716000,2009,,,,,,,,
KY,Kentucky,3653600,298300,108500,4173500,2009,,,,,,,,
LA,Louisiana,2682400,1373800,154600,4352400,2009,,,,,,,,
ME,Maine,1202700,15600,14900,1273900,2009,,,,,,,,
MD,Maryland,3139900,1571800,401300,5525700,2009,,,,,,,,
MA,Massachusetts,4979700,364300,563600,6358100,2009,,,,,,,,
MI,Michigan,7540000,1325500,411400,9724300,2009,,,,,,,,
MN,Minnesota,4354200,220000,218900,5128900,2009,,,,,,,,
MS,Mississippi,1663900,1040600,63000,2836300,2009,,,,,,,,
MO,Missouri,4761500,633000,195200,5805900,2009,,,,,,,,
MT,Montana,826400,3000,26000,942700,2009,,,,,,,,
NE,Nebraska,1443200,78400,144000,1731300,2009,,,,,,,,
NV,Nevada,1445900,190700,689200,2596300,2009,,,,,,,,
NH,New Hampshire,1191000,14500,34800,1282900,2009,,,,,,,,
NJ,New Jersey,5200000,1071900,1428600,8519200,2009,,,,,,,,
NM,New Mexico,804300,35700,892900,1958500,2009,,,,,,,,
NY,New York,11340600,2745300,3199100,18990400,2009,,,,,,,,
NC,North Carolina,6041200,1859900,688300,9026700,2009,,,,,,,,
ND,North Dakota,548500,5600,11500,615400,2009,,,,,,,,
OH,Ohio,9226200,1288400,309900,11207100,2009,,,,,,,,
OK,Oklahoma,2517600,243400,288100,3544100,2009,,,,,,,,
OR,Oregon,2979700,57200,418900,3743600,2009,,,,,,,,
PA,Pennsylvania,9856300,1204600,617500,12153500,2009,,,,,,,,
RI,Rhode Island,788000,49000,122500,1011800,2009,,,,,,,,
SC,South Carolina,2860400,1214000,195800,4393700,2009,,,,,,,,
SD,South Dakota,666700,10100,18400,781400,2009,,,,,,,,
TN,Tennessee,4691800,986600,250600,6116600,2009,,,,,,,,
TX,Texas,11235700,2643400,8947200,24096900,2009,,,,,,,,
UT,Utah,2217800,26200,336500,2733400,2009,,,,,,,,
VT,Vermont,568400,5400,8800,599600,2009,,,,,,,,
VA,Virginia,4985000,1413200,540600,7512800,2009,,,,,,,,
WA,Washington,4835700,208600,668100,6486600,2009,,,,,,,,
WV,West Virginia,1657000,50700,20200,1768900,2009,,,,,,,,
WI,Wisconsin,4655100,313300,289400,5492700,2009,,,,,,,,
WY,Wyoming,454000,4100,43100,526300,2009,,,,,,,,
US,United States,191844300,36217100,49603000,300806200,2010,,,,,,,,
AL,Alabama,3133000,1212100,176400,4651400,2010,,,,,,,,
AK,Alaska,439300,20500,37900,684600,2010,,,,,,,,
AZ,Arizona,3628600,236200,1857400,6256900,2010,,,,,,,,
AR,Arkansas,2113800,443000,178300,2834000,2010,,,,,,,,
CA,California,14600800,2042700,13825100,36515700,2010,,,,,,,,
CO,Colorado,3452800,172400,1016300,4916200,2010,,,,,,,,
CT,Connecticut,2467300,319600,467300,3463700,2010,,,,,,,,
DE,Delaware,572100,180200,71900,871700,2010,,,,,,,,
DC,District of Columbia,191200,293800,53600,570200,2010,,,,,,,,
FL,Florida,10650200,2744700,4186400,18398800,2010,,,,,,,,
GA,Georgia,5276300,2833000,833600,9414700,2010,,,,,,,,
HI,Hawaii,282400,15200,111200,1301600,2010,,,,,,,,
ID,Idaho,1295400,7700,172700,1538900,2010,,,,,,,,
IL,Illinois,7988000,1759200,2010000,12536400,2010,,,,,,,,
IN,Indiana,5136600,557600,379400,6289300,2010,,,,,,,,
IA,Iowa,2616800,87100,145200,2948200,2010,,,,,,,,
KS,Kansas,2161600,149700,293300,2761000,2010,,,,,,,,
KY,Kentucky,3653400,313700,123500,4207100,2010,,,,,,,,
LA,Louisiana,2670900,1388800,187000,4400400,2010,,,,,,,,
ME,Maine,1221200,14200,14400,1290600,2010,,,,,,,,
MD,Maryland,3078800,1623500,462200,5622200,2010,,,,,,,,
MA,Massachusetts,4834300,391700,611200,6328400,2010,,,,,,,,
MI,Michigan,7410900,1328700,424800,9657600,2010,,,,,,,,
MN,Minnesota,4317200,245100,241400,5187500,2010,,,,,,,,
MS,Mississippi,1673000,1060100,68000,2867200,2010,,,,,,,,
MO,Missouri,4712800,662800,204800,5802000,2010,,,,,,,,
MT,Montana,847300,3800,26400,962800,2010,,,,,,,,
NE,Nebraska,1458500,73900,163500,1771000,2010,,,,,,,,
NV,Nevada,1433600,204500,711500,2657600,2010,,,,,,,,
NH,New Hampshire,1175500,13800,35000,1276000,2010,,,,,,,,
NJ,New Jersey,5119000,1085500,1536000,8620400,2010,,,,,,,,
NM,New Mexico,817900,33600,937600,2018000,2010,,,,,,,,
NY,New York,10977600,2704600,3360400,18860000,2010,,,,,,,,
NC,North Carolina,6042600,1926500,782500,9241100,2010,,,,,,,,
ND,North Dakota,577700,7100,12200,647200,2010,,,,,,,,
OH,Ohio,9121200,1332000,341900,11215700,2010,,,,,,,,
OK,Oklahoma,2500900,246200,322400,3635500,2010,,,,,,,,
OR,Oregon,2954400,63200,441200,3764000,2010,,,,,,,,
PA,Pennsylvania,9805100,1244900,688600,12293700,2010,,,,,,,,
RI,Rhode Island,771200,51600,128700,1009200,2010,,,,,,,,
SC,South Carolina,2883300,1238700,220100,4476500,2010,,,,,,,,
SD,South Dakota,669200,9500,19400,787000,2010,,,,,,,,
TN,Tennessee,4689100,1018500,280800,6186200,2010,,,,,,,,
TX,Texas,11107500,2764300,9339100,24584400,2010,,,,,,,,
UT,Utah,2190500,26100,353500,2724100,2010,,,,,,,,
VT,Vermont,566500,6900,8700,599500,2010,,,,,,,,
VA,Virginia,5001400,1461300,607000,7703800,2010,,,,,,,,
WA,Washington,4778300,214600,738600,6575900,2010,,,,,,,,
WV,West Virginia,1683100,49500,20200,1799000,2010,,,,,,,,
WI,Wisconsin,4622200,330300,325800,5533400,2010,,,,,,,,
WY,Wyoming,472000,4100,48800,548400,2010,,,,,,,,
US,United States,192080600,36478000,50801600,303080600,2011,,,,,,,,
AL,Alabama,3129700,1234700,181200,4676000,2011,,,,,,,,
AK,Alaska,441500,19900,40600,697100,2011,,,,,,,,
AZ,Arizona,3634700,235400,1899500,6324500,2011,,,,,,,,
AR,Arkansas,2122800,439500,185400,2849500,2011,,,,,,,,
CA,California,14577300,2039700,14094900,36862800,2011,,,,,,,,
CO,Colorado,3482600,181500,1043800,4983900,2011,,,,,,,,
CT,Connecticut,2455800,327100,479900,3466400,2011,,,,,,,,
DE,Delaware,575000,180900,74700,880100,2011,,,,,,,,
DC,District of Columbia,2.00E+05,292900,57000,583900,2011,,,,,,,,
FL,Florida,10693800,2809300,4286500,18614200,2011,,,,,,,,
GA,Georgia,5302500,2857000,854400,9517400,2011,,,,,,,,
HI,Hawaii,286600,18900,119800,1311900,2011,,,,,,,,
ID,Idaho,1297600,7400,175200,1547300,2011,,,,,,,,
IL,Illinois,7939200,1763600,2048900,12553800,2011,,,,,,,,
IN,Indiana,5144100,552200,387400,6317100,2011,,,,,,,,
IA,Iowa,2625700,75800,149200,2963800,2011,,,,,,,,
KS,Kansas,2162200,149400,297100,2772200,2011,,,,,,,,
KY,Kentucky,3651500,326500,125800,4227900,2011,,,,,,,,
LA,Louisiana,2679200,1401300,188900,4431200,2011,,,,,,,,
ME,Maine,1221000,14600,14500,1292200,2011,,,,,,,,
MD,Maryland,3077300,1643100,476500,5668600,2011,,,,,,,,
MA,Massachusetts,4829700,389700,628900,6360600,2011,,,,,,,,
MI,Michigan,7393300,1329400,436400,9655100,2011,,,,,,,,
MN,Minnesota,4328600,258100,249600,5222300,2011,,,,,,,,
MS,Mississippi,1671900,1073100,72800,2878500,2011,,,,,,,,
MO,Missouri,4719700,643900,206000,5823500,2011,,,,,,,,
MT,Montana,851200,4500,27900,971600,2011,,,,,,,,
NE,Nebraska,1460300,73300,168200,1782300,2011,,,,,,,,
NV,Nevada,1431200,204200,726600,2675800,2011,,,,,,,,
NH,New Hampshire,1177800,11400,36000,1278200,2011,,,,,,,,
NJ,New Jersey,5074800,1073400,1575400,8638700,2011,,,,,,,,
NM,New Mexico,817500,31600,954900,2036500,2011,,,,,,,,
NY,New York,10958200,2709900,3419900,18940500,2011,,,,,,,,
NC,North Carolina,6087000,1977200,805700,9353100,2011,,,,,,,,
ND,North Dakota,582700,5000,14200,657100,2011,,,,,,,,
OH,Ohio,9115300,1321700,349300,11224600,2011,,,,,,,,
OK,Oklahoma,2507900,257900,337900,3664800,2011,,,,,,,,
OR,Oregon,2959400,62900,457900,3793500,2011,,,,,,,,
PA,Pennsylvania,9791700,1247500,717300,12318300,2011,,,,,,,,
RI,Rhode Island,766700,49900,130600,1007400,2011,,,,,,,,
SC,South Carolina,2902500,1245000,231400,4519500,2011,,,,,,,,
SD,South Dakota,669800,8700,21800,791400,2011,,,,,,,,
TN,Tennessee,4712300,1025600,288600,6230500,2011,,,,,,,,
TX,Texas,11185300,2800200,9596100,25006100,2011,,,,,,,,
UT,Utah,2215000,27400,364700,2767500,2011,,,,,,,,
VT,Vermont,566100,4100,7300,599800,2011,,,,,,,,
VA,Virginia,5025800,1471200,624900,7783700,2011,,,,,,,,
WA,Washington,4795000,216600,769000,6654400,2011,,,,,,,,
WV,West Virginia,1686800,51700,18500,1802200,2011,,,,,,,,
WI,Wisconsin,4623500,329100,333100,5549900,2011,,,,,,,,
WY,Wyoming,473500,4400,49500,551600,2011,,,,,,,,
US,United States,192305000,36797500,51773400,305376600,2012,,,,,,,,
AL,Alabama,3145700,1220200,179400,4696000,2012,,,,,,,,
AK,Alaska,446300,23600,40300,706200,2012,,,,,,,,
AZ,Arizona,3651000,247400,1920600,6386300,2012,,,,,,,,
AR,Arkansas,2122600,438300,192100,2860200,2012,,,,,,,,
CA,California,14578700,2046600,14271100,37221500,2012,,,,,,,,
CO,Colorado,3517600,188200,1057400,5045900,2012,,,,,,,,
CT,Connecticut,2440900,327200,495900,3479300,2012,,,,,,,,
DE,Delaware,572800,181900,77200,888000,2012,,,,,,,,
DC,District of Columbia,207600,293900,61500,596000,2012,,,,,,,,
FL,Florida,10737900,2856600,4413400,18876900,2012,,,,,,,,
GA,Georgia,5320600,2897000,880600,9616400,2012,,,,,,,,
HI,Hawaii,288800,16500,123200,1330300,2012,,,,,,,,
ID,Idaho,1305400,6100,180000,1562500,2012,,,,,,,,
IL,Illinois,7915300,1750100,2067800,12567900,2012,,,,,,,,
IN,Indiana,5142300,561600,399200,6338800,2012,,,,,,,,
IA,Iowa,2622600,84300,156000,2976000,2012,,,,,,,,
KS,Kansas,2167400,152100,306900,2787500,2012,,,,,,,,
KY,Kentucky,3653900,322500,127100,4235100,2012,,,,,,,,
LA,Louisiana,2678500,1414000,199900,4457000,2012,,,,,,,,
ME,Maine,1218200,10300,18900,1292600,2012,,,,,,,,
MD,Maryland,3084300,1637300,498100,5722700,2012,,,,,,,,
MA,Massachusetts,4830400,405100,650300,6410600,2012,,,,,,,,
MI,Michigan,7383900,1330200,441400,9659300,2012,,,,,,,,
MN,Minnesota,4332800,269200,257500,5256300,2012,,,,,,,,
MS,Mississippi,1669200,1082700,68500,2884500,2012,,,,,,,,
MO,Missouri,4717300,653900,209300,5830600,2012,,,,,,,,
MT,Montana,853800,4900,29600,978700,2012,,,,,,,,
NE,Nebraska,1463200,80500,173800,1795100,2012,,,,,,,,
NV,Nevada,1434800,210500,741300,2710900,2012,,,,,,,,
NH,New Hampshire,1176100,13500,38600,1280100,2012,,,,,,,,
NJ,New Jersey,5044400,1078000,1616200,8685500,2012,,,,,,,,
NM,New Mexico,812200,34000,960400,2039200,2012,,,,,,,,
NY,New York,10922400,2719700,3476600,19040100,2012,,,,,,,,
NC,North Carolina,6107600,1992500,818900,9439200,2012,,,,,,,,
ND,North Dakota,593700,10800,14700,671900,2012,,,,,,,,
OH,Ohio,9073800,1333600,359300,11222100,2012,,,,,,,,
OK,Oklahoma,2510800,253500,346000,3689500,2012,,,,,,,,
OR,Oregon,2975500,62700,464200,3825500,2012,,,,,,,,
PA,Pennsylvania,9760800,1262300,750700,12347600,2012,,,,,,,,
RI,Rhode Island,759200,48300,135700,1007900,2012,,,,,,,,
SC,South Carolina,2937500,1238900,234900,4569100,2012,,,,,,,,
SD,South Dakota,672600,14900,22100,800400,2012,,,,,,,,
TN,Tennessee,4728400,1037000,298900,6277400,2012,,,,,,,,
TX,Texas,11265800,2874000,9756900,25384300,2012,,,,,,,,
UT,Utah,2240100,25100,369300,2801700,2012,,,,,,,,
VT,Vermont,566700,5600,8300,600700,2012,,,,,,,,
VA,Virginia,5047300,1470000,658500,7865500,2012,,,,,,,,
WA,Washington,4827200,231100,787000,6732900,2012,,,,,,,,
WV,West Virginia,1680700,55200,21500,1801800,2012,,,,,,,,
WI,Wisconsin,4625000,322100,343400,5566100,2012,,,,,,,,
WY,Wyoming,474000,4300,53100,559000,2012,,,,,,,,
US,United States,192379500,37122600,52764900,307505500,2013,,,,,,,,
AL,Alabama,3136100,1232900,184500,4705800,2013,,,,,,,,
AK,Alaska,441000,23600,44100,705100,2013,,,,,,,,
AZ,Arizona,3675000,249900,1951200,6465700,2013,,,,,,,,
AR,Arkansas,2116100,442400,197600,2868600,2013,,,,,,,,
CA,California,14572300,2061400,14441900,37511300,2013,,,,,,,,
CO,Colorado,3558300,183600,1079700,5130200,2013,,,,,,,,
CT,Connecticut,2419300,333500,508100,3479000,2013,,,,,,,,
DE,Delaware,577900,184300,79600,898500,2013,,,,,,,,
DC,District of Columbia,214500,296700,63500,610300,2013,,,,,,,,
FL,Florida,10748400,2897800,4549700,19093200,2013,,,,,,,,
GA,Georgia,5316200,2948800,876600,9690900,2013,,,,,,,,
HI,Hawaii,289000,20400,127800,1331500,2013,,,,,,,,
ID,Idaho,1317000,7000,186300,1580900,2013,,,,,,,,
IL,Illinois,7898400,1739200,2081000,12571100,2013,,,,,,,,
IN,Indiana,5138600,557200,410400,6366500,2013,,,,,,,,
IA,Iowa,2619700,95100,162100,2990300,2013,,,,,,,,
KS,Kansas,2162900,156400,311400,2796500,2013,,,,,,,,
KY,Kentucky,3664400,325700,134500,4260900,2013,,,,,,,,
LA,Louisiana,2684600,1427300,207900,4483200,2013,,,,,,,,
ME,Maine,1215800,12400,16200,1291900,2013,,,,,,,,
MD,Maryland,3067400,1665700,522900,5767500,2013,,,,,,,,
MA,Massachusetts,4828400,404300,680700,6451500,2013,,,,,,,,
MI,Michigan,7363300,1312200,455000,9664300,2013,,,,,,,,
MN,Minnesota,4334600,280900,255900,5287800,2013,,,,,,,,
MS,Mississippi,1664000,1085700,72800,2889200,2013,,,,,,,,
MO,Missouri,4719900,655700,220500,5853100,2013,,,,,,,,
MT,Montana,861800,4900,31200,986300,2013,,,,,,,,
NE,Nebraska,1465800,83600,179700,1811200,2013,,,,,,,,
NV,Nevada,1432400,216800,756500,2745400,2013,,,,,,,,
NH,New Hampshire,1174500,10000,40100,1280700,2013,,,,,,,,
NJ,New Jersey,5011800,1082400,1658100,8716900,2013,,,,,,,,
NM,New Mexico,803000,33400,964500,2040200,2013,,,,,,,,
NY,New York,10889900,2716400,3525400,19119600,2013,,,,,,,,
NC,North Carolina,6141200,2001700,839000,9522500,2013,,,,,,,,
ND,North Dakota,606300,11100,15800,693500,2013,,,,,,,,
OH,Ohio,9063000,1329300,366300,11239600,2013,,,,,,,,
OK,Oklahoma,2521400,260100,357200,3726900,2013,,,,,,,,
OR,Oregon,2985100,62000,473500,3851600,2013,,,,,,,,
PA,Pennsylvania,9704800,1283000,771900,12344300,2013,,,,,,,,
RI,Rhode Island,751900,52000,139200,1008600,2013,,,,,,,,
SC,South Carolina,2964300,1254800,242000,4616200,2013,,,,,,,,
SD,South Dakota,678900,13100,25900,811600,2013,,,,,,,,
TN,Tennessee,4741900,1051300,303200,6318700,2013,,,,,,,,
TX,Texas,11329100,2922400,9947800,25773000,2013,,,,,,,,
UT,Utah,2267600,26900,380000,2849400,2013,,,,,,,,
VT,Vermont,567200,6000,9000,602700,2013,,,,,,,,
VA,Virginia,5067700,1479900,680500,7945700,2013,,,,,,,,
WA,Washington,4827300,230900,810500,6797800,2013,,,,,,,,
WV,West Virginia,1676500,53600,21900,1798200,2013,,,,,,,,
WI,Wisconsin,4620800,332800,354300,5592500,2013,,,,,,,,
WY,Wyoming,482300,7200,49700,567300,2013,,,,,,,,
US,United States,192419600,37599400,54059600,310212200,2014,,,,,,,,
AL,Alabama,3129100,1241500,184300,4714100,2014,,,,,,,,
AK,Alaska,437700,21000,46600,706600,2014,,,,,,,,
AZ,Arizona,3696900,256900,1998500,6556200,2014,,,,,,,,
AR,Arkansas,2119500,441900,201400,2880000,2014,,,,,,,,
CA,California,14533900,2044300,14716500,37981600,2014,,,,,,,,
CO,Colorado,3600200,194200,1106200,5217000,2014,,,,,,,,
CT,Connecticut,2394300,331100,525700,3480400,2014,,,,,,,,
DE,Delaware,578400,190300,80700,905300,2014,,,,,,,,
DC,District of Columbia,220500,300300,65700,623500,2014,,,,,,,,
FL,Florida,10815800,2965100,4716100,19431100,2014,,,,,,,,
GA,Georgia,5334800,2992700,896200,9792900,2014,,,,,,,,
HI,Hawaii,291900,22600,133800,1348100,2014,,,,,,,,
ID,Idaho,1325000,8000,193400,1598800,2014,,,,,,,,
IL,Illinois,7834100,1736700,2117100,12569400,2014,,,,,,,,
IN,Indiana,5138400,579500,412800,6386700,2014,,,,,,,,
IA,Iowa,2620800,100300,166400,3002100,2014,,,,,,,,
KS,Kansas,2164000,151100,319600,2810700,2014,,,,,,,,
KY,Kentucky,3660900,318400,139000,4268800,2014,,,,,,,,
LA,Louisiana,2686700,1438500,212100,4508500,2014,,,,,,,,
ME,Maine,1213700,15600,15700,1293800,2014,,,,,,,,
MD,Maryland,3053700,1693500,546000,5819300,2014,,,,,,,,
MA,Massachusetts,4811900,420500,704400,6506500,2014,,,,,,,,
MI,Michigan,7358500,1312600,466100,9682700,2014,,,,,,,,
MN,Minnesota,4342500,299100,269200,5330400,2014,,,,,,,,
MS,Mississippi,1664000,1081800,71700,2886800,2014,,,,,,,,
MO,Missouri,4705300,668300,223300,5870200,2014,,,,,,,,
MT,Montana,864300,5000,32900,993700,2014,,,,,,,,
NE,Nebraska,1470000,82900,184300,1823700,2014,,,,,,,,
NV,Nevada,1435800,223000,780500,2795200,2014,,,,,,,,
NH,New Hampshire,1174900,13900,40600,1286500,2014,,,,,,,,
NJ,New Jersey,4969400,1096900,1701600,8756200,2014,,,,,,,,
NM,New Mexico,788200,34300,973700,2036700,2014,,,,,,,,
NY,New York,10836700,2744600,3585700,19216400,2014,,,,,,,,
NC,North Carolina,6178500,2047800,865900,9632900,2014,,,,,,,,
ND,North Dakota,616200,14300,16900,708400,2014,,,,,,,,
OH,Ohio,9045100,1347200,381000,11270300,2014,,,,,,,,
OK,Oklahoma,2518200,263900,367200,3749500,2014,,,,,,,,
OR,Oregon,2996700,64200,485600,3889600,2014,,,,,,,,
PA,Pennsylvania,9659000,1286300,803900,12368000,2014,,,,,,,,
RI,Rhode Island,751600,54900,144300,1013700,2014,,,,,,,,
SC,South Carolina,2995500,1266700,246000,4674300,2014,,,,,,,,
SD,South Dakota,686400,12500,27100,821600,2014,,,,,,,,
TN,Tennessee,4766200,1053600,313600,6374800,2014,,,,,,,,
TX,Texas,11417900,3005800,10204600,26280100,2014,,,,,,,,
UT,Utah,2296400,29900,386600,2891800,2014,,,,,,,,
VT,Vermont,560600,5300,8700,6.00E+05,2014,,,,,,,,
VA,Virginia,5052100,1496200,707400,8006000,2014,,,,,,,,
WA,Washington,4844800,226300,837800,6887600,2014,,,,,,,,
WV,West Virginia,1665200,62000,21100,1791600,2014,,,,,,,,
WI,Wisconsin,4618400,330700,359100,5603600,2014,,,,,,,,
WY,Wyoming,479100,6000,55200,568500,2014,,,,,,,,
US,United States,192593600,37923800,55241300,312777900,2015,,,,,,,,
AL,Alabama,3131400,1251500,188000,4730100,2015,,,,,,,,
AK,Alaska,435400,22900,47600,707500,2015,,,,,,,,
AZ,Arizona,3714900,264200,2045900,6655100,2015,,,,,,,,
AR,Arkansas,2106000,446400,204300,2882300,2015,,,,,,,,
CA,California,14503600,2084000,14903200,38325100,2015,,,,,,,,
CO,Colorado,3646600,204900,1137200,5315400,2015,,,,,,,,
CT,Connecticut,2366300,342500,540400,3478100,2015,,,,,,,,
DE,Delaware,580400,191900,83300,918300,2015,,,,,,,,
DC,District of Columbia,225000,299400,68100,634800,2015,,,,,,,,
FL,Florida,10934500,3027300,4883700,19812500,2015,,,,,,,,
GA,Georgia,5346500,3039500,922200,9909700,2015,,,,,,,,
HI,Hawaii,295700,19700,137100,1362600,2015,,,,,,,,
ID,Idaho,1339100,9100,192800,1617200,2015,,,,,,,,
IL,Illinois,7770700,1739800,2134700,12549700,2015,,,,,,,,
IN,Indiana,5141100,575400,424500,6415100,2015,,,,,,,,
IA,Iowa,2625300,93200,169900,3019800,2015,,,,,,,,
KS,Kansas,2155100,159100,326000,2816600,2015,,,,,,,,
KY,Kentucky,3662100,332100,139600,4283400,2015,,,,,,,,
LA,Louisiana,2692200,1438800,220800,4530300,2015,,,,,,,,
ME,Maine,1211100,13700,19300,1292600,2015,,,,,,,,
MD,Maryland,3032100,1680700,557200,5838300,2015,,,,,,,,
MA,Massachusetts,4792000,437900,729300,6555600,2015,,,,,,,,
MI,Michigan,7341600,1320200,473300,9693800,2015,,,,,,,,
MN,Minnesota,4350500,303500,271400,5365600,2015,,,,,,,,
MS,Mississippi,1655400,1089000,77000,2889300,2015,,,,,,,,
MO,Missouri,4723300,667000,229600,5890900,2015,,,,,,,,
MT,Montana,873900,5100,35800,1005900,2015,,,,,,,,
NE,Nebraska,1475100,88200,191300,1838400,2015,,,,,,,,
NV,Nevada,1437900,229800,801900,2842700,2015,,,,,,,,
NH,New Hampshire,1175700,14600,42000,1287600,2015,,,,,,,,
NJ,New Jersey,4933200,1084500,1732200,8776300,2015,,,,,,,,
NM,New Mexico,780300,33700,980800,2035300,2015,,,,,,,,
NY,New York,10771000,2737800,3641400,19269200,2015,,,,,,,,
NC,North Carolina,6213600,2063700,888700,9733700,2015,,,,,,,,
ND,North Dakota,626300,9800,24600,726400,2015,,,,,,,,
OH,Ohio,9026200,1349300,396000,11293300,2015,,,,,,,,
OK,Oklahoma,2524700,260000,383500,3783700,2015,,,,,,,,
OR,Oregon,3029100,67500,499700,3948700,2015,,,,,,,,
PA,Pennsylvania,9614500,1267000,830600,12386400,2015,,,,,,,,
RI,Rhode Island,743500,52800,148000,1014400,2015,,,,,,,,
SC,South Carolina,3031800,1279000,249800,4734000,2015,,,,,,,,
SD,South Dakota,686800,11400,28100,829000,2015,,,,,,,,
TN,Tennessee,4782000,1063400,325900,6422800,2015,,,,,,,,
TX,Texas,11500100,3074800,10466100,26777500,2015,,,,,,,,
UT,Utah,2326300,32400,403000,2945200,2015,,,,,,,,
VT,Vermont,563900,7400,9300,602400,2015,,,,,,,,
VA,Virginia,5053300,1492500,722700,8051200,2015,,,,,,,,
WA,Washington,4892000,242200,863700,7002800,2015,,,,,,,,
WV,West Virginia,1662300,61000,24000,1791500,2015,,,,,,,,
WI,Wisconsin,4613000,338600,369600,5620900,2015,,,,,,,,
WY,Wyoming,479400,4500,56200,568900,2015,,,,,,,,
US,United States,192537500,38081700,56144400,314466400,2016,,,,,,,,
AL,Alabama,3121800,1252500,194500,4730100,2016,,,,,,,,
AK,Alaska,439200,20700,47800,714900,2016,,,,,,,,
AZ,Arizona,3754900,270000,2087500,6760900,2016,,,,,,,,
AR,Arkansas,2114900,441600,210000,2895400,2016,,,,,,,,
CA,California,14418700,2066000,15009300,38442400,2016,,,,,,,,
CO,Colorado,3708800,207900,1149700,5398100,2016,,,,,,,,
CT,Connecticut,2342200,340100,546300,3465100,2016,,,,,,,,
DE,Delaware,581900,191300,85000,924300,2016,,,,,,,,
DC,District of Columbia,231400,301700,71600,644400,2016,,,,,,,,
FL,Florida,11017500,3050800,5045400,20144000,2016,,,,,,,,
GA,Georgia,5339500,3083400,938100,10001000,2016,,,,,,,,
HI,Hawaii,287900,17600,139800,1364600,2016,,,,,,,,
ID,Idaho,1362500,8600,202200,1650700,2016,,,,,,,,
IL,Illinois,7719800,1715800,2139000,12491200,2016,,,,,,,,
IN,Indiana,5129200,582900,435200,6431400,2016,,,,,,,,
IA,Iowa,2623500,98700,171300,3030400,2016,,,,,,,,
KS,Kansas,2154300,157400,329400,2817000,2016,,,,,,,,
KY,Kentucky,3652100,342700,144300,4287700,2016,,,,,,,,
LA,Louisiana,2689200,1440900,220700,4530500,2016,,,,,,,,
ME,Maine,1210500,20000,19400,1293800,2016,,,,,,,,
MD,Maryland,3010100,1716500,575200,5856500,2016,,,,,,,,
MA,Massachusetts,4771800,440400,750600,6570600,2016,,,,,,,,
MI,Michigan,7330200,1304100,477300,9693500,2016,,,,,,,,
MN,Minnesota,4352400,305000,277200,5392900,2016,,,,,,,,
MS,Mississippi,1651000,1085900,80500,2887300,2016,,,,,,,,
MO,Missouri,4708400,666800,236700,5898000,2016,,,,,,,,
MT,Montana,879200,5300,35600,1015100,2016,,,,,,,,
NE,Nebraska,1475200,81500,196000,1845000,2016,,,,,,,,
NV,Nevada,1441300,241000,824500,2890400,2016,,,,,,,,
NH,New Hampshire,1175900,13600,44600,1291300,2016,,,,,,,,
NJ,New Jersey,4883400,1090900,1756100,8762700,2016,,,,,,,,
NM,New Mexico,769600,33400,986700,2029400,2016,,,,,,,,
NY,New York,10683700,2727900,3665200,19221500,2016,,,,,,,,
NC,North Carolina,6255500,2069000,905300,9829900,2016,,,,,,,,
ND,North Dakota,619700,18600,22500,725900,2016,,,,,,,,
OH,Ohio,8975800,1365400,402900,11278700,2016,,,,,,,,
OK,Oklahoma,2520400,260900,391400,3800800,2016,,,,,,,,
OR,Oregon,3064300,69800,510400,4014500,2016,,,,,,,,
PA,Pennsylvania,9553800,1272900,866000,12364700,2016,,,,,,,,
RI,Rhode Island,737600,56600,153300,1013900,2016,,,,,,,,
SC,South Carolina,3075500,1280800,263400,4805300,2016,,,,,,,,
SD,South Dakota,691500,11200,30700,835800,2016,,,,,,,,
TN,Tennessee,4814000,1058900,338100,6467700,2016,,,,,,,,
TX,Texas,11555500,3124600,10671100,27178300,2016,,,,,,,,
UT,Utah,2361900,29400,413000,2999300,2016,,,,,,,,
VT,Vermont,560600,5000,11100,599600,2016,,,,,,,,
VA,Virginia,5035700,1495100,732600,8080900,2016,,,,,,,,
WA,Washington,4949000,244000,885900,7124100,2016,,,,,,,,
WV,West Virginia,1646900,61100,24300,1781700,2016,,,,,,,,
WI,Wisconsin,4605200,334800,375000,5623300,2016,,,,,,,,
WY,Wyoming,482500,4000,54700,569400,2016,,,,,,,,
US,United States,192336100,38408000,57560600,317022500,2017,,,,,,,,
AL,Alabama,3119100,1259900,195700,4741400,2017,,,,,,,,
AK,Alaska,433000,18000,47400,710100,2017,,,,,,,,
AZ,Arizona,3761600,270200,2143400,6841300,2017,,,,,,,,
AR,Arkansas,2109200,434100,220300,2910000,2017,,,,,,,,
CA,California,14305700,2061600,15194400,38713900,2017,,,,,,,,
CO,Colorado,3727100,204600,1179000,5461100,2017,,,,,,,,
CT,Connecticut,2320900,336800,566200,3478700,2017,,,,,,,,
DE,Delaware,583100,197900,85900,931700,2017,,,,,,,,
DC,District of Columbia,236500,301800,72500,657600,2017,,,,,,,,
FL,Florida,11058700,3097400,5292800,20532300,2017,,,,,,,,
GA,Georgia,5349500,3130400,974200,10121400,2017,,,,,,,,
HI,Hawaii,280000,14100,137900,1356100,2017,,,,,,,,
ID,Idaho,1381400,9500,207700,1682100,2017,,,,,,,,
IL,Illinois,7664800,1706000,2171200,12496600,2017,,,,,,,,
IN,Indiana,5127000,585200,448700,6459400,2017,,,,,,,,
IA,Iowa,2616900,92800,180800,3045600,2017,,,,,,,,
KS,Kansas,2145200,148500,335400,2817600,2017,,,,,,,,
KY,Kentucky,3655800,339300,148500,4307100,2017,,,,,,,,
LA,Louisiana,2669900,1444600,234300,4541500,2017,,,,,,,,
ME,Maine,1218000,14600,20600,1300200,2017,,,,,,,,
MD,Maryland,2988800,1720600,600300,5892900,2017,,,,,,,,
MA,Massachusetts,4746900,459100,785300,6620600,2017,,,,,,,,
MI,Michigan,7322500,1313800,489200,9720300,2017,,,,,,,,
MN,Minnesota,4358900,346100,285400,5446600,2017,,,,,,,,
MS,Mississippi,1642100,1087600,79500,2884500,2017,,,,,,,,
MO,Missouri,4716400,657900,247400,5921300,2017,,,,,,,,
MT,Montana,884600,5600,36300,1022600,2017,,,,,,,,
NE,Nebraska,1472600,80600,203900,1859200,2017,,,,,,,,
NV,Nevada,1441400,257000,851600,2946600,2017,,,,,,,,
NH,New Hampshire,1175300,17200,47000,1297000,2017,,,,,,,,
NJ,New Jersey,4851700,1101200,1812000,8823900,2017,,,,,,,,
NM,New Mexico,760000,32800,998200,2038200,2017,,,,,,,,
NY,New York,10652400,2735300,3722400,19315700,2017,,,,,,,,
NC,North Carolina,6279300,2087600,935400,9948800,2017,,,,,,,,
ND,North Dakota,614500,21100,24500,726000,2017,,,,,,,,
OH,Ohio,8964000,1356900,420200,11323500,2017,,,,,,,,
OK,Oklahoma,2507400,262800,400200,3803700,2017,,,,,,,,
OR,Oregon,3079800,70500,529600,4063000,2017,,,,,,,,
PA,Pennsylvania,9498700,1294800,906500,12389100,2017,,,,,,,,
RI,Rhode Island,733300,54900,157900,1015900,2017,,,,,,,,
SC,South Carolina,3111700,1297600,270000,4864600,2017,,,,,,,,
SD,South Dakota,690400,17400,29800,837000,2017,,,,,,,,
TN,Tennessee,4847000,1074900,351400,6538200,2017,,,,,,,,
TX,Texas,11559700,3196500,10951000,27621300,2017,,,,,,,,
UT,Utah,2392300,33000,425000,3047400,2017,,,,,,,,
VT,Vermont,559000,7000,10400,600200,2017,,,,,,,,
VA,Virginia,5039200,1507600,758500,8140700,2017,,,,,,,,
WA,Washington,4976100,246900,916000,7239800,2017,,,,,,,,
WV,West Virginia,1631600,64300,20400,1762100,2017,,,,,,,,
WI,Wisconsin,4600500,328100,382000,5643000,2017,,,,,,,,
WY,Wyoming,474400,5300,56100,563300,2017,,,,,,,,
US,United States,192117000,38655700,58483600,318498500,2018,,,,,,,,
AL,Alabama,3115600,1257300,204800,4752600,2018,,,,,,,,
AK,Alaska,426100,20700,50200,709100,2018,,,,,,,,
AZ,Arizona,3815100,297000,2213600,7004300,2018,,,,,,,,
AR,Arkansas,2110400,436900,224900,2921300,2018,,,,,,,,
CA,California,14206900,2074900,15261300,38745900,2018,,,,,,,,
CO,Colorado,3774700,212200,1200900,5555200,2018,,,,,,,,
CT,Connecticut,2298100,343000,576400,3466300,2018,,,,,,,,
DE,Delaware,582600,199900,88900,937700,2018,,,,,,,,
DC,District of Columbia,244800,299900,75600,667900,2018,,,,,,,,
FL,Florida,11101600,3141700,5488400,20843500,2018,,,,,,,,
GA,Georgia,5358000,3158000,994300,10212800,2018,,,,,,,,
HI,Hawaii,278500,20400,142100,1354800,2018,,,,,,,,
ID,Idaho,1407600,9300,217500,1719600,2018,,,,,,,,
IL,Illinois,7588300,1685200,2173800,12438400,2018,,,,,,,,
IN,Indiana,5121300,600600,460900,6487100,2018,,,,,,,,
IA,Iowa,2614600,102300,186400,3056800,2018,,,,,,,,
KS,Kansas,2137700,150700,336500,2814700,2018,,,,,,,,
KY,Kentucky,3664300,328400,155000,4320300,2018,,,,,,,,
LA,Louisiana,2658300,1429700,229400,4519300,2018,,,,,,,,
ME,Maine,1213400,17400,19500,1299500,2018,,,,,,,,
MD,Maryland,2953400,1720400,613900,5870800,2018,,,,,,,,
MA,Massachusetts,4717100,465500,824800,6659900,2018,,,,,,,,
MI,Michigan,7327100,1321900,502900,9770000,2018,,,,,,,,
MN,Minnesota,4370100,356100,296100,5489000,2018,,,,,,,,
MS,Mississippi,1633600,1084700,81200,2879400,2018,,,,,,,,
MO,Missouri,4719400,670600,240400,5934500,2018,,,,,,,,
MT,Montana,890100,5600,40500,1034000,2018,,,,,,,,
NE,Nebraska,1470100,82100,206800,1868900,2018,,,,,,,,
NV,Nevada,1447500,258700,866800,2983400,2018,,,,,,,,
NH,New Hampshire,1181500,14600,49900,1310300,2018,,,,,,,,
NJ,New Jersey,4776900,1100300,1812100,8728300,2018,,,,,,,,
NM,New Mexico,754700,37100,1004800,2045300,2018,,,,,,,,
NY,New York,10508500,2684400,3665000,19016900,2018,,,,,,,,
NC,North Carolina,6314100,2095600,962600,10044400,2018,,,,,,,,
ND,North Dakota,613100,22200,25800,730600,2018,,,,,,,,
OH,Ohio,8947700,1376200,434900,11355900,2018,,,,,,,,
OK,Oklahoma,2492200,267700,414200,3816100,2018,,,,,,,,
OR,Oregon,3091900,74300,545300,4110800,2018,,,,,,,,
PA,Pennsylvania,9447800,1274800,939900,12388100,2018,,,,,,,,
RI,Rhode Island,725400,57000,162700,1014000,2018,,,,,,,,
SC,South Carolina,3146900,1298200,284100,4929800,2018,,,,,,,,
SD,South Dakota,692900,18500,32100,848700,2018,,,,,,,,
TN,Tennessee,4860100,1087600,361800,6586400,2018,,,,,,,,
TX,Texas,11607500,3251900,11163700,28024000,2018,,,,,,,,
UT,Utah,2421400,35800,438200,3105900,2018,,,,,,,,
VT,Vermont,557900,6600,11000,600600,2018,,,,,,,,
VA,Virginia,5034100,1519400,779900,8182100,2018,,,,,,,,
WA,Washington,5006200,268700,949700,7368000,2018,,,,,,,,
WV,West Virginia,1620000,63300,22500,1752300,2018,,,,,,,,
WI,Wisconsin,4598500,349400,393600,5662800,2018,,,,,,,,
WY,Wyoming,471600,2700,56000,560300,2018,,,,,,,,
US,United States,191757100,38872200,59102900,319249300,2019,,,,,,,,
AL,Alabama,3117200,1263500,211700,4767100,2019,,,,,,,,
AK,Alaska,421100,15200,48900,701700,2019,,,,,,,,
AZ,Arizona,3843700,306600,2254800,7098000,2019,,,,,,,,
AR,Arkansas,2108400,444200,226800,2922500,2019,,,,,,,,
CA,California,14047400,2066300,15271400,38642700,2019,,,,,,,,
CO,Colorado,3804100,211100,1221900,5611800,2019,,,,,,,,
CT,Connecticut,2268200,346400,583300,3453300,2019,,,,,,,,
DE,Delaware,577700,205100,91100,940300,2019,,,,,,,,
DC,District of Columbia,246100,302400,75200,671300,2019,,,,,,,,
FL,Florida,11119200,3150100,5583900,20992000,2019,,,,,,,,
GA,Georgia,5354500,3225900,1011800,10294000,2019,,,,,,,,
HI,Hawaii,274400,16400,137900,1343000,2019,,,,,,,,
ID,Idaho,1429500,11500,225600,1750900,2019,,,,,,,,
IL,Illinois,7522700,1679900,2177500,12362300,2019,,,,,,,,
IN,Indiana,5116000,600500,471000,6511800,2019,,,,,,,,
IA,Iowa,2610600,119200,191600,3060200,2019,,,,,,,,
KS,Kansas,2128700,153300,341900,2811200,2019,,,,,,,,
KY,Kentucky,3648500,344900,160800,4319300,2019,,,,,,,,
LA,Louisiana,2643900,1433000,235800,4498600,2019,,,,,,,,
ME,Maine,1213500,17800,21900,1302300,2019,,,,,,,,
MD,Maryland,2934100,1741500,624500,5875500,2019,,,,,,,,
MA,Massachusetts,4687000,466200,824100,6650800,2019,,,,,,,,
MI,Michigan,7316400,1305100,514600,9765600,2019,,,,,,,,
MN,Minnesota,4361600,353700,307300,5514800,2019,,,,,,,,
MS,Mississippi,1622400,1078300,85900,2867100,2019,,,,,,,,
MO,Missouri,4715000,667100,253900,5939900,2019,,,,,,,,
MT,Montana,895200,5900,38300,1039400,2019,,,,,,,,
NE,Nebraska,1470900,89200,212200,1873600,2019,,,,,,,,
NV,Nevada,1448800,279000,888400,3029700,2019,,,,,,,,
NH,New Hampshire,1179700,17600,51500,1314000,2019,,,,,,,,
NJ,New Jersey,4738500,1081400,1822900,8699400,2019,,,,,,,,
NM,New Mexico,750000,35000,1010200,2041400,2019,,,,,,,,
NY,New York,10432200,2651600,3649800,18908300,2019,,,,,,,,
NC,North Carolina,6355400,2124200,987900,10139700,2019,,,,,,,,
ND,North Dakota,614600,17900,29400,731000,2019,,,,,,,,
OH,Ohio,8918300,1380000,452300,11351500,2019,,,,,,,,
OK,Oklahoma,2488200,262800,424600,3826900,2019,,,,,,,,
OR,Oregon,3097700,72900,553400,4128900,2019,,,,,,,,
PA,Pennsylvania,9401500,1282000,960500,12377600,2019,,,,,,,,
RI,Rhode Island,717300,60300,169100,1017100,2019,,,,,,,,
SC,South Carolina,3177000,1307200,285200,4984200,2019,,,,,,,,
SD,South Dakota,697500,18800,31400,851300,2019,,,,,,,,
TN,Tennessee,4884500,1088500,378900,6640900,2019,,,,,,,,
TX,Texas,11637100,3297200,11300500,28286200,2019,,,,,,,,
UT,Utah,2452300,32600,455000,3154100,2019,,,,,,,,
VT,Vermont,555100,6700,10600,598100,2019,,,,,,,,
VA,Virginia,5017100,1543100,787100,8185100,2019,,,,,,,,
WA,Washington,5013200,282700,964700,7423900,2019,,,,,,,,
WV,West Virginia,1609000,55900,24800,1739000,2019,,,,,,,,
WI,Wisconsin,4602500,349200,401700,5677100,2019,,,,,,,,
WY,Wyoming,471600,5400,57100,562700,2019,,,,,,,,