state,Location,White2008,Black2008,Hispanic2008,Total2008,White2009,Black2009,Hispanic2009,Total2009,White2010,Black2010,Hispanic2010,Total2010,White2011,Black2011,Hispanic2011,Total2011,White2012,Black2012,Hispanic2012,Total2012,White2013,Black2013,Hispanic2013,Total2013,White2014,Black2014,Hispanic2014,Total2014,White2015,Black2015,Hispanic2015,Total2015,White2016,Black2016,Hispanic2016,Total2016,White2017,Black2017,Hispanic2017,Total2017,White2018,Black2018,Hispanic2018,Total2018,White2019,Black2019,Hispanic2019,Total2019
AK,Alaska,433100,18700,34600,654700,434000,25100,41700,668900,439300,20500,37900,684600,441500,19900,40600,697100,446300,23600,40300,706200,441000,23600,44100,705100,437700,21000,46600,706600,435400,22900,47600,707500,439200,20700,47800,714900,433000,18000,47400,710100,426100,20700,50200,709100,421100,15200,48900,701700
AL,Alabama,3108700,1169700,124800,4526900,3121200,1170200,143800,4569100,3133000,1212100,176400,4651400,3129700,1234700,181200,4676000,3145700,1220200,179400,4696000,3136100,1232900,184500,4705800,3129100,1241500,184300,4714100,3131400,1251500,188000,4730100,3121800,1252500,194500,4730100,3119100,1259900,195700,4741400,3115600,1257300,204800,4752600,3117200,1263500,211700,4767100
AR,Arkansas,2096900,422400,152500,2769700,2101100,424900,168300,2796100,2113800,443000,178300,2834000,2122800,439500,185400,2849500,2122600,438300,192100,2860200,2116100,442400,197600,2868600,2119500,441900,201400,2880000,2106000,446400,204300,2882300,2114900,441600,210000,2895400,2109200,434100,220300,2910000,2110400,436900,224900,2921300,2108400,444200,226800,2922500
AZ,Arizona,3704300,214500,1922100,6363000,3702000,226100,1983800,6457900,3628600,236200,1857400,6256900,3634700,235400,1899500,6324500,3651000,247400,1920600,6386300,3675000,249900,1951200,6465700,3696900,256900,1998500,6556200,3714900,264200,2045900,6655100,3754900,270000,2087500,6760900,3761600,270200,2143400,6841300,3815100,297000,2213600,7004300,3843700,306600,2254800,7098000
CA,California,15080500,2071300,13174300,35882000,14957800,2040100,13409700,36094800,14600800,2042700,13825100,36515700,14577300,2039700,14094900,36862800,14578700,2046600,14271100,37221500,14572300,2061400,14441900,37511300,14533900,2044300,14716500,37981600,14503600,2084000,14903200,38325100,14418700,2066000,15009300,38442400,14305700,2061600,15194400,38713900,14206900,2074900,15261300,38745900,14047400,2066300,15271400,38642700
CO,Colorado,3422900,160700,967900,4816700,3456700,171700,990300,4891000,3452800,172400,1016300,4916200,3482600,181500,1043800,4983900,3517600,188200,1057400,5045900,3558300,183600,1079700,5130200,3600200,194200,1106200,5217000,3646600,204900,1137200,5315400,3708800,207900,1149700,5398100,3727100,204600,1179000,5461100,3774700,212200,1200900,5555200,3804100,211100,1221900,5611800
CT,Connecticut,2498400,298400,410400,3383800,2485400,306700,419600,3403200,2467300,319600,467300,3463700,2455800,327100,479900,3466400,2440900,327200,495900,3479300,2419300,333500,508100,3479000,2394300,331100,525700,3480400,2366300,342500,540400,3478100,2342200,340100,546300,3465100,2320900,336800,566200,3478700,2298100,343000,576400,3466300,2268200,346400,583300,3453300
DC,District of Columbia,176700,301800,48800,558900,180200,306300,51700,567800,191200,293800,53600,570200,2.00E+05,292900,57000,583900,207600,293900,61500,596000,214500,296700,63500,610300,220500,300300,65700,623500,225000,299400,68100,634800,231400,301700,71600,644400,236500,301800,72500,657600,244800,299900,75600,667900,246100,302400,75200,671300
DE,Delaware,571900,168500,60800,844200,578700,170700,61800,855500,572100,180200,71900,871700,575000,180900,74700,880100,572800,181900,77200,888000,577900,184300,79600,898500,578400,190300,80700,905300,580400,191900,83300,918300,581900,191300,85000,924300,583100,197900,85900,931700,582600,199900,88900,937700,577700,205100,91100,940300
FL,Florida,10772300,2598100,3771200,17874300,10731700,2655700,3920500,18067300,10650200,2744700,4186400,18398800,10693800,2809300,4286500,18614200,10737900,2856600,4413400,18876900,10748400,2897800,4549700,19093200,10815800,2965100,4716100,19431100,10934500,3027300,4883700,19812500,11017500,3050800,5045400,20144000,11058700,3097400,5292800,20532300,11101600,3141700,5488400,20843500,11119200,3150100,5583900,20992000
GA,Georgia,5466500,2726500,761300,9376400,5465500,2773400,789600,9484800,5276300,2833000,833600,9414700,5302500,2857000,854400,9517400,5320600,2897000,880600,9616400,5316200,2948800,876600,9690900,5334800,2992700,896200,9792900,5346500,3039500,922200,9909700,5339500,3083400,938100,10001000,5349500,3130400,974200,10121400,5358000,3158000,994300,10212800,5354500,3225900,1011800,10294000
HI,Hawaii,290100,23800,100400,1229000,290900,20700,108200,1223500,282400,15200,111200,1301600,286600,18900,119800,1311900,288800,16500,123200,1330300,289000,20400,127800,1331500,291900,22600,133800,1348100,295700,19700,137100,1362600,287900,17600,139800,1364600,280000,14100,137900,1356100,278500,20400,142100,1354800,274400,16400,137900,1343000
IA,Iowa,2609000,77500,118700,2894000,2614000,64200,127300,2902600,2616800,87100,145200,2948200,2625700,75800,149200,2963800,2622600,84300,156000,2976000,2619700,95100,162100,2990300,2620800,100300,166400,3002100,2625300,93200,169900,3019800,2623500,98700,171300,3030400,2616900,92800,180800,3045600,2614600,102300,186400,3056800,2610600,119200,191600,3060200
ID,Idaho,1259500,8400,154600,1484300,1274600,9800,161100,1507700,1295400,7700,172700,1538900,1297600,7400,175200,1547300,1305400,6100,180000,1562500,1317000,7000,186300,1580900,1325000,8000,193400,1598800,1339100,9100,192800,1617200,1362500,8600,202200,1650700,1381400,9500,207700,1682100,1407600,9300,217500,1719600,1429500,11500,225600,1750900
IL,Illinois,8094900,1775900,1931100,12556000,8092800,1773000,1937500,12558400,7988000,1759200,2010000,12536400,7939200,1763600,2048900,12553800,7915300,1750100,2067800,12567900,7898400,1739200,2081000,12571100,7834100,1736700,2117100,12569400,7770700,1739800,2134700,12549700,7719800,1715800,2139000,12491200,7664800,1706000,2171200,12496600,7588300,1685200,2173800,12438400,7522700,1679900,2177500,12362300
IN,Indiana,5143900,515100,314100,6172900,5149600,536200,341300,6221900,5136600,557600,379400,6289300,5144100,552200,387400,6317100,5142300,561600,399200,6338800,5138600,557200,410400,6366500,5138400,579500,412800,6386700,5141100,575400,424500,6415100,5129200,582900,435200,6431400,5127000,585200,448700,6459400,5121300,600600,460900,6487100,5116000,600500,471000,6511800
KS,Kansas,2172500,140800,259600,2701400,2176900,144800,254100,2716000,2161600,149700,293300,2761000,2162200,149400,297100,2772200,2167400,152100,306900,2787500,2162900,156400,311400,2796500,2164000,151100,319600,2810700,2155100,159100,326000,2816600,2154300,157400,329400,2817000,2145200,148500,335400,2817600,2137700,150700,336500,2814700,2128700,153300,341900,2811200
KY,Kentucky,3649900,296600,95900,4143600,3653600,298300,108500,4173500,3653400,313700,123500,4207100,3651500,326500,125800,4227900,3653900,322500,127100,4235100,3664400,325700,134500,4260900,3660900,318400,139000,4268800,3662100,332100,139600,4283400,3652100,342700,144300,4287700,3655800,339300,148500,4307100,3664300,328400,155000,4320300,3648500,344900,160800,4319300
LA,Louisiana,2658000,1335400,146100,4273800,2682400,1373800,154600,4352400,2670900,1388800,187000,4400400,2679200,1401300,188900,4431200,2678500,1414000,199900,4457000,2684600,1427300,207900,4483200,2686700,1438500,212100,4508500,2692200,1438800,220800,4530300,2689200,1440900,220700,4530500,2669900,1444600,234300,4541500,2658300,1429700,229400,4519300,2643900,1433000,235800,4498600
MA,Massachusetts,4932400,350600,536700,6265100,4979700,364300,563600,6358100,4834300,391700,611200,6328400,4829700,389700,628900,6360600,4830400,405100,650300,6410600,4828400,404300,680700,6451500,4811900,420500,704400,6506500,4792000,437900,729300,6555600,4771800,440400,750600,6570600,4746900,459100,785300,6620600,4717100,465500,824800,6659900,4687000,466200,824100,6650800
MD,Maryland,3143000,1555700,365200,5470000,3139900,1571800,401300,5525700,3078800,1623500,462200,5622200,3077300,1643100,476500,5668600,3084300,1637300,498100,5722700,3067400,1665700,522900,5767500,3053700,1693500,546000,5819300,3032100,1680700,557200,5838300,3010100,1716500,575200,5856500,2988800,1720600,600300,5892900,2953400,1720400,613900,5870800,2934100,1741500,624500,5875500
ME,Maine,1215200,9700,12000,1274100,1202700,15600,14900,1273900,1221200,14200,14400,1290600,1221000,14600,14500,1292200,1218200,10300,18900,1292600,1215800,12400,16200,1291900,1213700,15600,15700,1293800,1211100,13700,19300,1292600,1210500,20000,19400,1293800,1218000,14600,20600,1300200,1213400,17400,19500,1299500,1213500,17800,21900,1302300
MI,Michigan,7594800,1317400,396100,9764400,7540000,1325500,411400,9724300,7410900,1328700,424800,9657600,7393300,1329400,436400,9655100,7383900,1330200,441400,9659300,7363300,1312200,455000,9664300,7358500,1312600,466100,9682700,7341600,1320200,473300,9693800,7330200,1304100,477300,9693500,7322500,1313800,489200,9720300,7327100,1321900,502900,9770000,7316400,1305100,514600,9765600
MN,Minnesota,4326700,233700,212800,5084500,4354200,220000,218900,5128900,4317200,245100,241400,5187500,4328600,258100,249600,5222300,4332800,269200,257500,5256300,4334600,280900,255900,5287800,4342500,299100,269200,5330400,4350500,303500,271400,5365600,4352400,305000,277200,5392900,4358900,346100,285400,5446600,4370100,356100,296100,5489000,4361600,353700,307300,5514800
MO,Missouri,4729200,618900,175800,5728200,4761500,633000,195200,5805900,4712800,662800,204800,5802000,4719700,643900,206000,5823500,4717300,653900,209300,5830600,4719900,655700,220500,5853100,4705300,668300,223300,5870200,4723300,667000,229600,5890900,4708400,666800,236700,5898000,4716400,657900,247400,5921300,4719400,670600,240400,5934500,4715000,667100,253900,5939900
MS,Mississippi,1661000,1054600,51400,2826800,1663900,1040600,63000,2836300,1673000,1060100,68000,2867200,1671900,1073100,72800,2878500,1669200,1082700,68500,2884500,1664000,1085700,72800,2889200,1664000,1081800,71700,2886800,1655400,1089000,77000,2889300,1651000,1085900,80500,2887300,1642100,1087600,79500,2884500,1633600,1084700,81200,2879400,1622400,1078300,85900,2867100
MT,Montana,824400,2900,29600,938500,826400,3000,26000,942700,847300,3800,26400,962800,851200,4500,27900,971600,853800,4900,29600,978700,861800,4900,31200,986300,864300,5000,32900,993700,873900,5100,35800,1005900,879200,5300,35600,1015100,884600,5600,36300,1022600,890100,5600,40500,1034000,895200,5900,38300,1039400
NC,North Carolina,5975700,1853900,657500,8886300,6041200,1859900,688300,9026700,6042600,1926500,782500,9241100,6087000,1977200,805700,9353100,6107600,1992500,818900,9439200,6141200,2001700,839000,9522500,6178500,2047800,865900,9632900,6213600,2063700,888700,9733700,6255500,2069000,905300,9829900,6279300,2087600,935400,9948800,6314100,2095600,962600,10044400,6355400,2124200,987900,10139700
ND,North Dakota,550200,4200,12600,610300,548500,5600,11500,615400,577700,7100,12200,647200,582700,5000,14200,657100,593700,10800,14700,671900,606300,11100,15800,693500,616200,14300,16900,708400,626300,9800,24600,726400,619700,18600,22500,725900,614500,21100,24500,726000,613100,22200,25800,730600,614600,17900,29400,731000
NE,Nebraska,1442000,70500,143400,1721000,1443200,78400,144000,1731300,1458500,73900,163500,1771000,1460300,73300,168200,1782300,1463200,80500,173800,1795100,1465800,83600,179700,1811200,1470000,82900,184300,1823700,1475100,88200,191300,1838400,1475200,81500,196000,1845000,1472600,80600,203900,1859200,1470100,82100,206800,1868900,1470900,89200,212200,1873600
NH,New Hampshire,1185300,8000,37700,1275300,1191000,14500,34800,1282900,1175500,13800,35000,1276000,1177800,11400,36000,1278200,1176100,13500,38600,1280100,1174500,10000,40100,1280700,1174900,13900,40600,1286500,1175700,14600,42000,1287600,1175900,13600,44600,1291300,1175300,17200,47000,1297000,1181500,14600,49900,1310300,1179700,17600,51500,1314000
NJ,New Jersey,5240200,1085700,1399200,8494600,5200000,1071900,1428600,8519200,5119000,1085500,1536000,8620400,5074800,1073400,1575400,8638700,5044400,1078000,1616200,8685500,5011800,1082400,1658100,8716900,4969400,1096900,1701600,8756200,4933200,1084500,1732200,8776300,4883400,1090900,1756100,8762700,4851700,1101200,1812000,8823900,4776900,1100300,1812100,8728300,4738500,1081400,1822900,8699400
NM,New Mexico,803100,36000,876200,1934000,804300,35700,892900,1958500,817900,33600,937600,2018000,817500,31600,954900,2036500,812200,34000,960400,2039200,803000,33400,964500,2040200,788200,34300,973700,2036700,780300,33700,980800,2035300,769600,33400,986700,2029400,760000,32800,998200,2038200,754700,37100,1004800,2045300,750000,35000,1010200,2041400
NV,Nevada,1447500,181000,664100,2556800,1445900,190700,689200,2596300,1433600,204500,711500,2657600,1431200,204200,726600,2675800,1434800,210500,741300,2710900,1432400,216800,756500,2745400,1435800,223000,780500,2795200,1437900,229800,801900,2842700,1441300,241000,824500,2890400,1441400,257000,851600,2946600,1447500,258700,866800,2983400,1448800,279000,888400,3029700
NY,New York,11360200,2748600,3154900,18944000,11340600,2745300,3199100,18990400,10977600,2704600,3360400,18860000,10958200,2709900,3419900,18940500,10922400,2719700,3476600,19040100,10889900,2716400,3525400,19119600,10836700,2744600,3585700,19216400,10771000,2737800,3641400,19269200,10683700,2727900,3665200,19221500,10652400,2735300,3722400,19315700,10508500,2684400,3665000,19016900,10432200,2651600,3649800,18908300
OH,Ohio,9210900,1276300,285400,11157500,9226200,1288400,309900,11207100,9121200,1332000,341900,11215700,9115300,1321700,349300,11224600,9073800,1333600,359300,11222100,9063000,1329300,366300,11239600,9045100,1347200,381000,11270300,9026200,1349300,396000,11293300,8975800,1365400,402900,11278700,8964000,1356900,420200,11323500,8947700,1376200,434900,11355900,8918300,1380000,452300,11351500
OK,Oklahoma,2507300,238200,267200,3508800,2517600,243400,288100,3544100,2500900,246200,322400,3635500,2507900,257900,337900,3664800,2510800,253500,346000,3689500,2521400,260100,357200,3726900,2518200,263900,367200,3749500,2524700,260000,383500,3783700,2520400,260900,391400,3800800,2507400,262800,400200,3803700,2492200,267700,414200,3816100,2488200,262800,424600,3826900
OR,Oregon,2963100,63000,408300,3711900,2979700,57200,418900,3743600,2954400,63200,441200,3764000,2959400,62900,457900,3793500,2975500,62700,464200,3825500,2985100,62000,473500,3851600,2996700,64200,485600,3889600,3029100,67500,499700,3948700,3064300,69800,510400,4014500,3079800,70500,529600,4063000,3091900,74300,545300,4110800,3097700,72900,553400,4128900
PA,Pennsylvania,9799700,1176300,566700,12002700,9856300,1204600,617500,12153500,9805100,1244900,688600,12293700,9791700,1247500,717300,12318300,9760800,1262300,750700,12347600,9704800,1283000,771900,12344300,9659000,1286300,803900,12368000,9614500,1267000,830600,12386400,9553800,1272900,866000,12364700,9498700,1294800,906500,12389100,9447800,1274800,939900,12388100,9401500,1282000,960500,12377600
RI,Rhode Island,793100,47200,115500,1009400,788000,49000,122500,1011800,771200,51600,128700,1009200,766700,49900,130600,1007400,759200,48300,135700,1007900,751900,52000,139200,1008600,751600,54900,144300,1013700,743500,52800,148000,1014400,737600,56600,153300,1013900,733300,54900,157900,1015900,725400,57000,162700,1014000,717300,60300,169100,1017100
SC,South Carolina,2819300,1205500,167900,4318400,2860400,1214000,195800,4393700,2883300,1238700,220100,4476500,2902500,1245000,231400,4519500,2937500,1238900,234900,4569100,2964300,1254800,242000,4616200,2995500,1266700,246000,4674300,3031800,1279000,249800,4734000,3075500,1280800,263400,4805300,3111700,1297600,270000,4864600,3146900,1298200,284100,4929800,3177000,1307200,285200,4984200
SD,South Dakota,662700,6700,21300,769900,666700,10100,18400,781400,669200,9500,19400,787000,669800,8700,21800,791400,672600,14900,22100,800400,678900,13100,25900,811600,686400,12500,27100,821600,686800,11400,28100,829000,691500,11200,30700,835800,690400,17400,29800,837000,692900,18500,32100,848700,697500,18800,31400,851300
TN,Tennessee,4662800,970400,228400,6045200,4691800,986600,250600,6116600,4689100,1018500,280800,6186200,4712300,1025600,288600,6230500,4728400,1037000,298900,6277400,4741900,1051300,303200,6318700,4766200,1053600,313600,6374800,4782000,1063400,325900,6422800,4814000,1058900,338100,6467700,4847000,1074900,351400,6538200,4860100,1087600,361800,6586400,4884500,1088500,378900,6640900
TX,Texas,11213000,2591500,8626100,23643000,11235700,2643400,8947200,24096900,11107500,2764300,9339100,24584400,11185300,2800200,9596100,25006100,11265800,2874000,9756900,25384300,11329100,2922400,9947800,25773000,11417900,3005800,10204600,26280100,11500100,3074800,10466100,26777500,11555500,3124600,10671100,27178300,11559700,3196500,10951000,27621300,11607500,3251900,11163700,28024000,11637100,3297200,11300500,28286200
UT,Utah,2202100,25800,317800,2686800,2217800,26200,336500,2733400,2190500,26100,353500,2724100,2215000,27400,364700,2767500,2240100,25100,369300,2801700,2267600,26900,380000,2849400,2296400,29900,386600,2891800,2326300,32400,403000,2945200,2361900,29400,413000,2999300,2392300,33000,425000,3047400,2421400,35800,438200,3105900,2452300,32600,455000,3154100
VA,Virginia,4973600,1413300,504200,7418400,4985000,1413200,540600,7512800,5001400,1461300,607000,7703800,5025800,1471200,624900,7783700,5047300,1470000,658500,7865500,5067700,1479900,680500,7945700,5052100,1496200,707400,8006000,5053300,1492500,722700,8051200,5035700,1495100,732600,8080900,5039200,1507600,758500,8140700,5034100,1519400,779900,8182100,5017100,1543100,787100,8185100
VT,Vermont,569600,3400,6200,599100,568400,5400,8800,599600,566500,6900,8700,599500,566100,4100,7300,599800,566700,5600,8300,600700,567200,6000,9000,602700,560600,5300,8700,6.00E+05,563900,7400,9300,602400,560600,5000,11100,599600,559000,7000,10400,600200,557900,6600,11000,600600,555100,6700,10600,598100
WA,Washington,4795600,204900,625000,6370500,4835700,208600,668100,6486600,4778300,214600,738600,6575900,4795000,216600,769000,6654400,4827200,231100,787000,6732900,4827300,230900,810500,6797800,4844800,226300,837800,6887600,4892000,242200,863700,7002800,4949000,244000,885900,7124100,4976100,246900,916000,7239800,5006200,268700,949700,7368000,5013200,282700,964700,7423900
WI,Wisconsin,4658700,295500,277500,5467500,4655100,313300,289400,5492700,4622200,330300,325800,5533400,4623500,329100,333100,5549900,4625000,322100,343400,5566100,4620800,332800,354300,5592500,4618400,330700,359100,5603600,4613000,338600,369600,5620900,4605200,334800,375000,5623300,4600500,328100,382000,5643000,4598500,349400,393600,5662800,4602500,349200,401700,5677100
WV,West Virginia,1654600,55000,20100,1765200,1657000,50700,20200,1768900,1683100,49500,20200,1799000,1686800,51700,18500,1802200,1680700,55200,21500,1801800,1676500,53600,21900,1798200,1665200,62000,21100,1791600,1662300,61000,24000,1791500,1646900,61100,24300,1781700,1631600,64300,20400,1762100,1620000,63300,22500,1752300,1609000,55900,24800,1739000
WY,Wyoming,446500,4500,41600,516100,454000,4100,43100,526300,472000,4100,48800,548400,473500,4400,49500,551600,474000,4300,53100,559000,482300,7200,49700,567300,479100,6000,55200,568500,479400,4500,56200,568900,482500,4000,54700,569400,474400,5300,56100,563300,471600,2700,56000,560300,471600,5400,57100,562700
Average,Average,193573500,35033000,45753600,295269900,193827500,35385700,47231700,297997900,191844300,36218300,49603200,300806700,192080600,36479300,50801600,303080800,192305600,36799800,51773500,305376600,192379600,37125700,52765100,307505200,192419700,37600000,54059800,310212200,192593800,37924700,55241300,312777900,192537400,38085000,56144400,314465900,192335900,38409300,57560300,317022700,192117200,38657400,58483600,318498600,191757100,38872300,59102600,319249100
US,United States,193573200,35033200,45753600,295269800,193827600,35385000,47231900,297997800,191844300,36217100,49603000,300806200,192080600,36478000,50801600,303080600,192305000,36797500,51773400,305376600,192379500,37122600,52764900,307505500,192419600,37599400,54059600,310212200,192593600,37923800,55241300,312777900,192537500,38081700,56144400,314466400,192336100,38408000,57560600,317022500,192117000,38655700,58483600,318498500,191757100,38872200,59102900,319249300
,,,,,,,,,,,,,,,,,,,,,,,,,,,,,,,,,,,,,,,,,,,,,,,,,
AK,,4,,,4,1,,,1,2,1,,3,1,,,1,2,1,,3,2,,,2,1,1,,2,1,,1,2,4,,,4,3,2,,5,2,1,,3,3,1,,4
AL,,3,,3,6,7,,4,11,8,3,,11,6,1,,7,7,9,1,17,7,12,,19,11,7,,18,15,8,,23,22,7,,29,19,8,,27,12,4,,16,9,7,,16
AR,,5,,,5,9,,1,10,6,2,,8,4,3,,7,10,5,,15,11,6,,17,4,2,,6,4,1,,5,14,2,1,17,6,6,,12,12,6,,18,11,6,,17
AZ,,4,2,,6,5,2,,7,9,1,5,15,12,,16,28,17,2,8,27,24,6,15,45,16,4,17,37,26,1,11,38,27,5,17,49,21,6,22,49,24,6,18,48,9,4,16,29
CA,,29,48,26,103,27,50,28,105,39,19,50,108,39,34,55,128,63,21,69,153,63,32,69,164,49,22,69,140,64,36,80,180,59,23,65,147,60,25,80,165,41,21,56,118,35,28,49,112
CO,,4,2,1,7,4,4,,8,11,,3,14,8,2,9,19,11,2,5,18,11,1,7,19,9,1,12,22,12,5,8,25,20,2,9,31,19,3,10,32,21,2,12,35,21,6,12,39
CT,,2,2,1,5,1,,2,3,2,,,2,1,,,1,2,,2,4,6,2,1,9,,1,,1,2,1,,3,3,,1,4,3,1,1,5,1,,1,2,1,1,2,4
DC,,1,,,1,,,7,7,,,,0,,4,,4,,3,,3,,5,,5,,2,,2,,5,,5,,5,,5,1,1,,2,,2,,2,,2,,2
DE,,1,,1,2,,,,0,,1,,1,,,,0,,2,,2,1,,,1,2,1,,3,3,1,,4,1,,,1,3,4,,7,,1,,1,,,,0
FL,,17,9,24,50,28,12,28,68,32,21,7,60,25,29,19,73,33,31,16,80,39,29,13,81,46,28,8,82,30,27,9,66,52,20,7,79,40,22,8,70,48,22,13,83,34,16,21,71
GA,,,3,5,8,6,1,5,12,14,15,1,30,10,22,,32,21,22,2,45,18,16,1,35,15,15,,30,21,13,,34,11,14,5,30,19,14,1,34,26,26,2,54,15,17,5,37
HI,,2,,,2,,,,0,,,,0,,,,0,1,,,1,1,,,1,,,1,1,,1,,1,1,,,1,1,,,1,1,,1,2,,,,0
IA,,2,,1,3,3,,3,6,1,,,1,5,,1,6,3,2,,5,5,1,,6,8,,1,9,6,,,6,3,3,,6,4,1,,5,10,1,,11,4,1,,5
ID,,2,1,,3,1,3,,4,1,,,1,5,,,5,5,,,5,4,,,4,2,,1,3,6,,1,7,7,,2,9,8,,1,9,11,1,1,13,7,,1,8
IL,,4,4,15,23,9,2,12,23,4,16,2,22,9,25,2,36,4,22,3,29,8,12,3,23,7,17,5,29,8,13,2,23,10,19,4,33,6,14,5,25,12,13,2,27,5,14,1,20
IN,,5,2,2,9,9,2,1,12,8,4,,12,10,7,,17,9,6,,15,6,11,2,19,9,2,,11,15,7,1,23,12,5,2,19,14,10,1,25,13,5,,18,14,6,,20
KS,,1,,,1,4,,1,5,6,4,1,11,4,3,,7,6,3,1,10,4,1,,5,11,5,,16,7,,3,10,9,2,,11,9,3,3,15,6,2,3,11,10,,1,11
KY,,4,,,4,5,,1,6,1,2,,3,5,3,,8,5,,,5,4,1,,5,13,3,,16,12,4,1,17,17,3,1,21,18,1,1,20,15,3,1,19,10,5,,15
LA,,1,1,5,7,6,,5,11,1,5,,6,6,3,,9,5,17,,22,4,7,1,12,11,9,1,21,16,17,,33,10,12,1,23,4,15,1,20,11,6,,17,6,16,,22
MA,,4,1,,5,3,,2,5,3,1,,4,2,3,1,6,3,3,1,7,5,5,1,11,2,1,1,4,5,2,2,9,4,6,4,14,4,1,1,6,7,,,7,,1,2,3
MD,,2,1,9,12,2,1,3,6,3,4,,7,4,12,1,17,5,13,,18,9,11,1,21,2,14,1,17,4,12,,16,5,12,,17,7,8,,15,2,11,2,15,3,9,1,13
ME,,4,,,4,,,1,1,3,,,3,4,,,4,3,,,3,5,,,5,6,,,6,2,,,2,3,,,3,10,1,,11,5,,,5,5,,,5
MI,,7,,7,14,3,,8,11,10,5,1,16,12,4,2,18,12,8,,20,7,8,2,17,10,5,2,17,10,7,1,18,12,7,1,20,9,6,,15,16,6,2,24,10,4,,14
MN,,2,1,,3,8,,3,11,9,1,,10,6,1,,7,2,6,,8,6,3,,9,5,,1,6,8,3,,11,11,3,1,15,10,1,,11,6,2,1,9,7,5,1,13
MO,,8,,6,14,5,1,7,13,10,3,,13,13,10,,23,8,9,,17,16,9,1,26,17,11,,28,16,10,,26,17,10,2,29,21,16,2,39,15,9,,24,13,12,1,26
MS,,2,,3,5,,,2,2,3,1,,4,1,4,,5,7,3,,10,1,6,,7,10,6,,16,9,2,,11,4,5,,9,11,7,1,19,7,5,,12,14,7,,21
MT,,,,,0,2,,,2,1,,,1,2,,,2,1,,1,2,7,,,7,4,,,4,4,,,4,5,,,5,4,,,4,5,,,5,8,,1,9
NC,,4,,4,8,8,1,4,13,9,,,9,3,4,,7,6,9,,15,12,14,2,28,11,9,,20,15,9,,24,18,13,1,32,14,11,2,27,16,12,2,30,18,11,2,31
ND,,,,,0,,,,0,1,,,1,,,,0,1,,,1,2,,,2,1,,,1,,,,0,2,,,2,1,,,1,4,,,4,,,,0
NE,,2,,2,4,2,,,2,7,1,2,10,3,,,3,2,1,,3,4,1,1,6,7,2,,9,9,1,,10,6,4,,10,2,1,,3,3,1,,4,9,3,4,16
NH,,1,,,1,1,,,1,1,,,1,3,1,,4,2,,1,3,3,,1,4,1,,,1,3,,,3,3,,,3,4,,,4,2,,,2,2,,,2
NJ,,,4,4,8,3,1,7,11,2,15,,17,9,11,1,21,4,6,4,14,2,7,4,13,3,8,2,13,12,4,2,18,7,9,,16,5,10,3,18,5,8,1,14,4,6,1,11
NM,,1,3,,4,1,4,,5,7,,5,12,2,,6,8,4,,4,8,5,2,8,15,8,1,7,16,13,,9,22,11,,14,25,7,,13,20,5,1,12,18,5,,10,15
NV,,6,2,2,10,8,2,1,11,12,4,1,17,4,2,6,12,6,3,3,12,9,1,2,12,13,5,,18,12,3,3,18,6,2,7,15,10,5,4,19,8,7,8,23,3,1,5,9
NY,,5,3,6,14,2,4,10,16,4,5,4,13,16,7,2,25,6,18,3,27,5,15,3,23,9,9,4,22,10,9,,19,9,14,1,24,5,9,5,19,7,6,3,16,9,9,3,21
OH,,13,,7,20,9,,7,16,8,4,,12,12,12,1,25,12,12,,24,18,12,,30,15,13,,28,18,14,,32,17,17,,34,32,13,1,46,29,10,3,42,24,10,,34
OK,,7,2,3,12,6,,1,7,11,5,,16,20,6,,26,17,5,3,25,16,6,4,26,18,7,5,30,23,10,1,34,16,6,3,25,22,3,3,28,24,6,1,31,19,13,2,34
OR,,6,1,,7,3,,,3,9,2,1,12,3,,,3,11,,2,13,8,1,2,11,12,,1,13,15,,1,16,14,1,,15,8,2,3,13,15,2,1,18,11,1,2,14
PA,,6,,13,19,9,,8,17,5,8,1,14,8,10,2,20,15,11,1,27,20,10,2,32,11,5,,16,14,10,1,25,14,10,,24,25,10,2,37,19,13,5,37,6,8,,14
RI,,,1,,1,1,,,1,,,,0,,,,0,,,,0,1,,,1,,1,,1,,,,0,,1,1,2,1,,,1,,1,,1,,,,0
SC,,5,1,4,10,6,,4,10,6,11,1,18,9,13,,22,8,8,1,17,14,9,,23,14,5,,19,14,10,,24,14,7,1,22,9,5,2,16,9,2,,11,11,4,,15
SD,,,,,0,,,,0,1,,,1,3,,,3,,,,0,1,,,1,1,,,1,2,,,2,2,,,2,2,,,2,2,,,2,2,,,2
TN,,5,1,2,8,2,,7,9,9,9,1,19,8,6,,14,13,8,,21,15,5,,20,16,6,,22,15,4,2,21,20,5,1,26,28,4,1,33,19,13,1,33,24,10,,34
TX,,26,24,16,66,24,37,13,74,28,24,26,78,27,17,23,67,40,31,29,100,48,24,39,111,50,27,33,110,64,23,45,132,62,27,30,119,32,22,32,86,37,22,51,110,49,34,30,113
UT,,5,1,,6,6,,,6,3,,1,4,7,,1,8,5,,,5,5,,1,6,13,1,3,17,9,1,,10,11,,,11,4,1,4,9,10,3,5,18,6,2,3,11
VA,,5,,3,8,12,,6,18,3,9,,12,12,8,,20,12,1,,13,5,9,1,15,7,2,2,11,9,11,1,21,8,12,1,21,15,10,2,27,9,11,,20,8,5,,13
VT,,,,,0,,,,0,,1,,1,,,,0,2,,,2,1,,,1,,,1,1,1,,,1,3,,,3,1,,,1,4,,,4,3,,,3
WA,,4,1,1,6,19,,1,20,18,2,1,21,29,1,5,35,16,2,,18,16,6,3,25,27,2,3,32,11,1,1,13,15,5,3,23,18,8,5,31,13,1,2,16,13,9,8,30
WI,,1,,,1,2,,1,3,5,4,1,10,4,2,,6,6,,,6,9,4,1,14,6,3,,9,9,2,3,14,13,6,1,20,15,6,,21,7,4,,11,12,4,1,17
WV,,2,,1,3,2,,1,3,,,,0,2,1,,3,9,1,,10,7,1,,8,5,,,5,8,2,,10,15,1,,16,11,1,,12,4,2,,6,8,2,,10
WY,,,,,0,,,,0,,,,0,2,,,2,1,,,1,1,,,1,3,,,3,6,,,6,2,,1,3,1,,,1,3,,1,4,1,,1,2
Average,,224,121,177,522,274,127,195,596,336,213,115,664,380,271,153,804,443,306,160,909,501,311,191,1003,521,263,181,965,598,290,189,1077,631,305,188,1124,606,297,220,1123,583,280,211,1074,501,300,186,987
state,Location,White2008,Black2008,Hispanic2008,Total2008,White2009,Black2009,Hispanic2009,Total2009,White2010,Black2010,Hispanic2010,Total2010,White2011,Black2011,Hispanic2011,Total2011,White2012,Black2012,Hispanic2012,Total2012,White2013,Black2013,Hispanic2013,Total2013,White2014,Black2014,Hispanic2014,Total2014,White2015,Black2015,Hispanic2015,Total2015,White2016,Black2016,Hispanic2016,Total2016,White2017,Black2017,Hispanic2017,Total2017,White2018,Black2018,Hispanic2018,Total2018,White2019,Black2019,Hispanic2019,Total2019
AK,Alaska,9.235742323,0,0,6.10966855,2.304147465,0,0,1.494991778,4.552697473,48.7804878,0,4.382120947,2.265005663,0,0,1.434514417,4.481290612,42.37288136,0,4.24808836,4.535147392,0,0,2.836477095,2.284669865,47.61904762,0,2.830455703,2.296738631,0,21.00840336,2.826855124,9.107468124,0,0,5.595188138,6.928406467,111.1111111,0,7.041261794,4.693733865,48.30917874,0,4.230714991,7.124198528,65.78947368,0,5.700441784
AL,Alabama,0.965033615,0,24.03846154,1.325410325,2.242727156,0,27.81641168,2.407476308,2.553463134,2.475043313,0,2.364879391,1.917116657,0.809913339,0,1.497005988,2.225259879,7.375840026,5.574136009,3.620102215,2.232071681,9.733149485,0,4.037570657,3.515387811,5.638340717,0,3.818332237,4.790189692,6.392329205,0,4.86247648,7.04721635,5.588822355,0,6.130948606,6.091500753,6.349710294,0,5.694520606,3.851585569,3.181420504,0,3.366578294,2.887206467,5.540166205,0,3.356338235
AR,Arkansas,2.384472316,0,0,1.805249666,4.283470563,0,5.941770648,3.57641,2.838489923,4.514672686,0,2.822865208,1.88430375,6.825938567,0,2.456571328,4.711203241,11.40771161,0,5.244388504,5.198242049,13.56238698,0,5.926235794,1.887237556,4.52591084,0,2.083333333,1.899335233,2.240143369,0,1.73472574,6.619698331,4.528985507,4.761904762,5.871382192,2.844680448,13.82170007,0,4.12371134,5.686125853,13.73311971,0,6.161640366,5.217226333,13.50742909,0,5.816937553
AZ,Arizona,1.079826148,9.324009324,0,0.942951438,1.350621286,8.845643521,0,1.083943697,2.480295431,4.233700254,2.691934963,2.397353322,3.301510441,0,8.423269281,4.427227449,4.656258559,8.084074373,4.16536499,4.227800135,6.530612245,24.00960384,7.687576876,6.95980327,4.327950445,15.5702608,8.506379785,5.643513011,6.998842499,3.785011355,5.376606872,5.709906688,7.190604277,18.51851852,8.143712575,7.247555799,5.582730753,22.2057735,10.26406644,7.162381419,6.290791853,20.2020202,8.131550416,6.852933198,2.341493873,13.04631442,7.095973035,4.085657932
CA,California,1.923013163,23.17385217,1.973539391,2.870520038,1.805078287,24.50860252,2.088040747,2.909006283,2.671086516,9.301414794,3.616610368,2.957631923,2.675392562,16.66911801,3.902120625,3.472335254,4.321372962,10.26092055,4.83494615,4.110527518,4.323270863,15.52343068,4.777764699,4.372015899,3.371428178,10.7616299,4.68861482,3.685995324,4.412697537,17.27447217,5.367974663,4.696660935,4.091908424,11.13262343,4.330648331,3.823902774,4.194132409,12.12650369,5.265097668,4.262035083,2.88592163,10.12096969,3.669412173,3.045483522,2.491564275,13.55079127,3.208612177,2.8983482
CO,Colorado,1.168599725,12.44555072,1.033164583,1.45327714,1.157173026,23.29644729,0,1.63565733,3.185820204,0,2.951884286,2.84772792,2.297134325,11.01928375,8.622341445,3.812275527,3.127132136,10.62699256,4.728579535,3.567252621,3.091363854,5.446623094,6.483282393,3.703559315,2.499861119,5.149330587,10.84794793,4.21698294,3.290736577,24.40214739,7.034822371,4.703314896,5.39257981,9.62000962,7.828129077,5.742761342,5.097797215,14.6627566,8.481764207,5.85962535,5.563356028,9.425070688,9.992505621,6.300403226,5.520359612,28.42254856,9.820770931,6.949641826
CT,Connecticut,0.800512328,6.702412869,2.436647173,1.477628701,0.402349722,0,4.766444233,0.881523272,0.810602683,0,0,0.577417213,0.407199283,0,0,0.28848373,0.819369905,0,4.033071184,1.14965654,2.480056215,5.997001499,1.968116512,2.586950273,0,3.020235578,0,0.287323296,0.845201369,2.919708029,0,0.862539892,1.280847067,0,1.830496064,1.154367839,1.292602008,2.96912114,1.766160367,1.437318539,0.435142074,0,1.734906315,0.576984104,0.440878229,2.886836028,3.428767358,1.158312339
DC,District of Columbia,5.659309564,0,0,1.789228842,0,0,135.3965184,12.32828461,0,0,0,0,0,13.65653807,0,6.850488097,0,10.20755359,0,5.033557047,0,16.8520391,0,8.192692119,0,6.66000666,0,3.207698476,0,16.7000668,0,7.876496534,0,16.57275439,0,7.759155804,4.22832981,3.313452618,0,3.04136253,0,6.66888963,0,2.994460249,0,6.613756614,0,2.979293907
DE,Delaware,1.74855744,0,16.44736842,2.369106847,0,0,0,0,0,5.549389567,0,1.147183664,0,0,0,0,0,10.99505223,0,2.252252252,1.730403184,0,0,1.112966055,3.457814661,5.254860746,0,3.313818624,5.16884907,5.211047421,0,4.355874986,1.718508335,0,0,1.081899816,5.144915109,20.2122284,0,7.513148009,0,5.002501251,0,1.06643916,0,0,0,0
FL,Florida,1.578121664,3.464069897,6.364022062,2.797312342,2.609092688,4.518582671,7.14194618,3.7637057,3.004638411,7.651109411,1.672081024,3.261082244,2.337803213,10.32285623,4.432520705,3.921737168,3.073226609,10.85206189,3.62532288,4.237983991,3.628447025,10.00759197,2.857331253,4.242348061,4.253037223,9.4431891,1.696316872,4.22003901,2.743609676,8.918838569,1.842865041,3.331230284,4.719764012,6.555657532,1.387402386,3.921763304,3.61706168,7.102731323,1.511487304,3.409262479,4.323701088,7.002578222,2.368632024,3.982056756,3.057773941,5.079203835,3.760812335,3.382240854
GA,Georgia,0,1.100311755,6.567713122,0.853205921,1.097795261,0.360568256,6.332320162,1.265182186,2.653374524,5.294740558,1.199616123,3.186506208,1.885902876,7.700385019,0,3.362262803,3.946923279,7.594062824,2.271178742,4.679505844,3.38587713,5.425935974,1.140771161,3.611635658,2.811726775,5.012196344,0,3.063443924,3.927803236,4.277019247,0,3.430981765,2.060117989,4.540442369,5.329922183,2.99970003,3.551733807,4.472271914,1.026483268,3.35921908,4.852556924,8.233058898,2.011465353,5.287482375,2.801382015,5.269847174,4.941688081,3.594326792
HI,Hawaii,6.894174423,0,0,1.6273393,0,0,0,0,0,0,0,0,0,0,0,0,3.462603878,0,0,0.751710141,3.460207612,0,0,0.75103267,0,0,7.473841555,0.741784734,0,50.76142132,0,0.733891091,3.473428274,0,0,0.732815477,3.571428571,0,0,0.737408746,3.590664273,0,7.037297678,1.476232654,0,0,0,0
IA,Iowa,0.766577233,0,8.424599832,1.036627505,1.147666412,0,23.56637863,2.067112244,0.382146133,0,0,0.339190014,1.904254104,0,6.702412869,2.024428099,1.143902997,23.72479241,0,1.680107527,1.90861549,10.51524711,0,2.006487643,3.052503053,0,6.009615385,2.997901469,2.285453091,0,0,1.986886549,1.143510577,30.39513678,0,1.979936642,1.528526119,10.77586207,0,1.641712635,3.824676815,9.775171065,0,3.598534415,1.532214817,8.389261745,0,1.633880139
ID,Idaho,1.587931719,119.047619,0,2.021154753,0.784559862,306.122449,0,2.653047689,0.771962328,0,0,0.649814803,3.853267571,0,0,3.231435404,3.830243603,0,0,3.2,3.037205771,0,0,2.530204314,1.509433962,0,5.170630817,1.876407305,4.480621313,0,5.186721992,4.328468959,5.137614679,0,9.891196835,5.452232386,5.791226292,0,4.814636495,5.350454789,7.814720091,107.5268817,4.597701149,7.559897651,4.896817069,0,4.432624113,4.569078759
IL,Illinois,0.494138285,2.252379075,7.7675936,1.831793565,1.112099644,1.128031585,6.193548387,1.831443496,0.500751127,9.095043201,0.995024876,1.754889761,1.133615478,14.17555001,0.976133535,2.867657602,0.505350397,12.57071025,1.450817294,2.307465846,1.012863365,6.899724011,1.441614608,1.829593273,0.893529569,9.78867968,2.361721222,2.307190478,1.029508281,7.472123233,0.936899799,1.832713133,1.295370346,11.0735517,1.870032726,2.641859869,0.78279929,8.206330598,2.302873987,2.000544148,1.581381864,7.714217897,0.920047842,2.170697196,0.664654978,8.333829395,0.45924225,1.617821926
IN,Indiana,0.972025117,3.882741215,6.367398918,1.457985712,1.74770856,3.729951511,2.92997363,1.928671306,1.557450454,7.173601148,0,1.90800248,1.943974651,12.67656646,0,2.691108262,1.750189604,10.68376068,0,2.366378494,1.167633207,19.74156497,4.873294347,2.984371319,1.751517982,3.451251079,0,1.722329215,2.917663535,12.16545012,2.355712603,3.585290954,2.339546128,8.577800652,4.595588235,2.954255683,2.730641701,17.08817498,2.228660575,3.870328513,2.53841798,8.325008325,0,2.774737556,2.736512901,9.991673605,0,3.0713474
KS,Kansas,0.460299194,0,0,0.370178426,1.837475309,0,3.935458481,1.840942563,2.775721688,26.72010688,3.40947835,3.984063745,1.849967626,20.08032129,0,2.525070341,2.768293808,19.72386588,3.258390355,3.587443946,1.849368903,6.393861893,0,1.787949222,5.083179298,33.09066843,0,5.692532109,3.248109136,0,9.202453988,3.550379891,4.177691129,12.7064803,0,3.90486333,4.195413015,20.2020202,8.944543828,5.323679727,2.806754924,13.27140013,8.915304606,3.908054144,4.697702823,0,2.924831822,3.91291975
KY,Kentucky,1.095920436,0,0,0.965344145,1.368513247,0,9.216589862,1.437642267,0.273717633,6.375518011,0,0.713080269,1.369300288,9.188361409,0,1.892192341,1.368400887,0,0,1.180609667,1.091583888,3.070310101,0,1.173461006,3.551039362,9.422110553,0,3.748125937,3.276808389,12.04456489,7.163323782,3.968809824,4.65485611,8.754012256,6.93000693,4.897730718,4.923682915,2.947244327,6.734006734,4.643495624,4.093551292,9.135200974,6.451612903,4.397842742,2.740852405,14.49695564,0,3.472784942
LA,Louisiana,0.376222724,0.748839299,34.22313484,1.637886658,2.236802863,0,32.34152652,2.527341237,0.374405631,3.600230415,0,1.363512408,2.23947447,2.140869193,0,2.031052537,1.866716446,12.02263083,0,4.936055643,1.489979885,4.904364885,4.81000481,2.676659529,4.094242007,6.256517205,4.71475719,4.657868471,5.943094867,11.81540172,0,7.284285809,3.718578016,8.328128253,4.531037608,5.076702351,1.498183453,10.38349716,4.268032437,4.403831333,4.137982921,4.196684619,0,3.761644502,2.269374787,11.1653873,0,4.89041035
MA,Massachusetts,0.810964236,2.85225328,0,0.798071858,0.60244593,0,3.54861604,0.786398452,0.620565542,2.552974215,0,0.632071298,0.414104396,7.698229407,1.590077914,0.943307235,0.621066578,7.405578869,1.537751807,1.091941472,1.035539723,12.36705417,1.469075951,1.705029838,0.415636235,2.378121284,1.419647927,0.614769846,1.043405676,4.567252797,2.742355684,1.372872048,0.8382581,13.6239782,5.329070077,2.130703437,0.842655207,2.17817469,1.273398701,0.906262272,1.483962604,0,0,1.051066833,0,2.145002145,2.426889941,0.451073555
MD,Maryland,0.636334712,0.642797455,24.64403067,2.193784278,0.636962961,0.636213259,7.475703962,1.085835279,0.974405613,2.46381275,0,1.24506421,1.29984077,7.303268213,2.098635887,2.99897682,1.621113381,7.939901057,0,3.145368445,2.934080981,6.603830222,1.912411551,3.641092328,0.654943184,8.266902864,1.831501832,2.92131356,1.319217704,7.139882192,0,2.740523783,1.661074383,6.990969997,0,2.90275762,2.342077088,4.649540858,0,2.545436033,0.677185617,6.393861893,3.257859586,2.555018055,1.022460039,5.167958656,1.601281025,2.212577653
ME,Maine,3.291639236,0,0,3.139470999,0,0,67.11409396,0.784990973,2.456600066,0,0,2.324500232,3.276003276,0,0,3.095496053,2.462649811,0,0,2.320903605,4.112518506,0,0,3.870268597,4.943561012,0,0,4.637501932,1.651391297,0,0,1.54726907,2.478314746,0,0,2.318750966,8.210180624,68.49315068,0,8.460236887,4.120652711,0,0,3.847633705,4.120313144,0,0,3.83936113
MI,Michigan,0.921683257,0,17.67230497,1.433779853,0.397877984,0,19.44579485,1.131186821,1.349363775,3.763076692,2.354048964,1.656726309,1.623091177,3.008876185,4.582951421,1.864299697,1.625157437,6.014133213,0,2.070543414,0.950660709,6.096631611,4.395604396,1.759051354,1.358972617,3.809233582,4.290924694,1.755708635,1.362100904,5.302226935,2.112824847,1.85685696,1.637063109,5.367686527,2.095118374,2.063238252,1.229088426,4.566905161,0,1.543162248,2.183674305,4.53892125,3.976933784,2.456499488,1.366792412,3.064899241,0,1.43360367
MN,Minnesota,0.462246054,4.278990158,0,0.590028518,1.837306509,0,13.70488808,2.144709392,2.084684518,4.07996736,0,1.927710843,1.386129464,3.874467261,0,1.340405568,0.461595273,22.28826152,0,1.521983144,1.384210769,10.67995728,0,1.70203109,1.151410478,0,3.714710253,1.12561909,1.838869096,9.884678748,0,2.050096914,2.527341237,9.836065574,3.607503608,2.78143485,2.294156783,2.889338342,0,2.019608563,1.372966294,5.616399888,3.37723742,1.639642922,1.604915627,14.13627368,3.25414904,2.357293102
MO,Missouri,1.691618033,0,34.12969283,2.444048741,1.050089258,1.579778831,35.86065574,2.239101604,2.121880835,4.526252263,0,2.240606687,2.754412357,15.53036186,0,3.949514897,1.695885358,13.76357241,0,2.915651905,3.389902328,13.72578923,4.535147392,4.442090516,3.612947102,16.4596738,0,4.769854519,3.387462156,14.99250375,0,4.413587058,3.610568346,14.9970006,8.449514153,4.91692099,4.452548554,24.31980544,8.084074373,6.586391502,3.178370132,13.42081718,0,4.044148622,2.757158006,17.9883076,3.938558488,4.377178067
MS,Mississippi,1.204093919,0,58.36575875,1.768784491,0,0,31.74603175,0.705144026,1.793185894,0.943307235,0,1.395089286,0.598121897,3.727518405,0,1.737015807,4.193625689,2.770850651,0,3.466805339,0.600961538,5.526388505,0,2.422816004,6.009615385,5.546311703,0,5.54246917,5.436752447,1.836547291,0,3.807150521,2.422774076,4.60447555,0,3.11709902,6.698739419,6.436189776,12.57861635,6.586930144,4.285014691,4.609569466,0,4.167534903,8.629191321,6.491699898,0,7.324474207
MT,Montana,0,0,0,0,2.420135528,0,0,2.121565715,1.180219521,0,0,1.038637308,2.34962406,0,0,2.058460272,1.171234481,0,33.78378378,2.043527128,8.122534231,0,0,7.097232079,4.628022677,0,0,4.025359767,4.577182744,0,0,3.976538423,5.686988171,0,0,4.925623091,4.521817771,0,0,3.911597888,5.617346366,0,0,4.835589942,8.936550492,0,26.10966057,8.658841639
NC,North Carolina,0.669377646,0,6.08365019,0.900262201,1.324240217,0.537663315,5.811419439,1.440171934,1.489425082,0,0,0.973910032,0.492853622,2.023062917,0,0.748414964,0.982382605,4.516938519,0,1.589117722,1.954015502,6.994055053,2.383790226,2.940404306,1.780367403,4.394960445,0,2.076217961,2.414059482,4.361098997,0,2.46566054,2.877467828,6.283228613,1.104606208,3.25537391,2.22954788,5.269208661,2.138122728,2.713895143,2.534011181,5.726283642,2.077706212,2.986738879,2.832237153,5.178420111,2.024496407,3.057289663
ND,North Dakota,0,0,0,0,0,0,0,0,1.73100225,0,0,1.545117429,0,0,0,0,1.684352367,0,0,1.488316714,3.298697015,0,0,2.883922134,1.622849724,0,0,1.411631846,0,0,0,0,3.227368081,0,0,2.755200441,1.6273393,0,0,1.377410468,6.524221171,0,0,5.474952094,0,0,0,0
NE,Nebraska,1.386962552,0,13.94700139,2.324230099,1.385809313,0,0,1.155201294,4.799451491,13.53179973,12.2324159,5.646527386,2.054372389,0,0,1.683218313,1.366867141,12.42236025,0,1.671216088,2.72888525,11.96172249,5.564830273,3.312720848,4.761904762,24.12545235,0,4.935022208,6.101281269,11.33786848,0,5.43951262,4.067245119,49.0797546,0,5.420054201,1.358142062,12.40694789,0,1.613597246,2.040677505,12.18026797,0,2.140296431,6.118702835,33.632287,18.85014138,8.53970965
NH,New Hampshire,0.84366827,0,0,0.784129224,0.839630563,0,0,0.779483982,0.850701829,0,0,0.78369906,2.547121752,87.71929825,0,3.12940072,1.700535669,0,25.90673575,2.343566909,2.554278416,0,24.93765586,3.12329195,0.851136267,0,0,0.777302759,2.551671345,0,0,2.329916123,2.55123735,0,0,2.323240146,3.403386369,0,0,3.084040093,1.692763436,0,0,1.526368007,1.695346274,0,0,1.522070015
NJ,New Jersey,0,3.684259003,2.858776444,0.941774775,0.576923077,0.932922847,4.899902002,1.291201052,0.390701309,13.81851681,0,1.972066261,1.773468905,10.24781069,0.634759426,2.430921319,0.792958528,5.565862709,2.47494122,1.611881872,0.399058223,6.467110126,2.412399735,1.491355872,0.603694611,7.293281065,1.175364363,1.484662296,2.432498176,3.688335639,1.154601085,2.050978203,1.43342753,8.250068751,0,1.825921234,1.030566606,9.081002543,1.655629139,2.039914324,1.046703929,7.270744342,0.551845925,1.603977865,0.844148992,5.548363233,0.548576444,1.26445502
NM,New Mexico,1.245174947,83.33333333,0,2.068252327,1.24331717,112.0448179,0,2.552974215,8.558503485,0,5.332764505,5.946481665,2.44648318,0,6.283380459,3.928308372,4.924895346,0,4.164931279,3.923107101,6.226650062,59.88023952,8.294453084,7.352220371,10.1497082,29.15451895,7.18907261,7.85584524,16.66025887,0,9.176182708,10.80921731,14.29313929,0,14.18870984,12.31891199,9.210526316,0,13.0234422,9.812579727,6.625149066,26.9541779,11.94267516,8.800664939,6.666666667,0,9.899029895,7.347898501
NV,Nevada,4.14507772,11.04972376,3.011594639,3.911138924,5.532886092,10.48767698,1.450957632,4.236798521,8.370535714,19.5599022,1.405481377,6.396748946,2.794857462,9.794319295,8.257638315,4.484640108,4.181767494,14.25178147,4.046944557,4.4265742,6.283161128,4.612546125,2.643754131,4.370947767,9.05418582,22.42152466,0,6.439610761,8.34550386,13.05483029,3.741114852,6.332008302,4.162908485,8.298755187,8.489993936,5.189593136,6.937699459,19.45525292,4.697040864,6.448109686,5.526770294,27.05836877,9.229349331,7.709324931,2.070679183,3.584229391,5.628095452,2.970591148
NY,New York,0.440133096,1.091464746,1.901803544,0.73902027,0.176357512,1.457035661,3.125879154,0.842530963,0.36437837,1.848702211,1.190334484,0.689289502,1.460093811,2.583121148,0.584812421,1.319922917,0.549329818,6.618377027,0.86291204,1.418059779,0.459141039,5.522014431,0.850967266,1.202954037,0.830511133,3.279166363,1.115542293,1.144855436,0.928418903,3.28731098,0,0.986029519,0.842404785,5.132152938,0.272836407,1.248601826,0.469377793,3.290315505,1.343219428,0.983655783,0.666127421,2.235136343,0.818553888,0.841356898,0.862713522,3.394177101,0.821962847,1.110623377
OH,Ohio,1.41137131,0,24.52697968,1.792516245,0.975482864,0,22.58793159,1.42766639,0.877077578,3.003003003,0,1.069928761,1.316467917,9.079216161,2.862868594,2.22725086,1.322488924,8.99820036,0,2.138637153,1.986097319,9.027307606,0,2.669134133,1.658356458,9.649643705,0,2.484405916,1.994194678,10.37575039,0,2.83353847,1.893981595,12.45056394,0,3.014531817,3.569834895,9.580661803,2.379819134,4.062348214,3.241056361,7.2663857,6.898137503,3.698517951,2.691095837,7.246376812,0,2.995198872
OK,Oklahoma,2.791847804,8.396305626,11.22754491,3.41997264,2.383222116,0,3.471017008,1.975113569,4.39841657,20.30869212,0,4.401045248,7.974799633,23.26483133,0,7.094520847,6.770750358,19.72386588,8.670520231,6.775985906,6.345680971,23.06805075,11.19820829,6.976307387,7.147962831,26.52519894,13.61655773,8.001066809,9.109993267,38.46153846,2.60756193,8.98591326,6.348198699,22.99731698,7.664793051,6.577562618,8.774028875,11.41552511,7.496251874,7.361253516,9.630045743,22.41314905,2.414292612,8.123476848,7.636042119,49.46727549,4.710315591,8.884475685
OR,Oregon,2.024906348,15.87301587,0,1.885826666,1.006812766,0,0,0.801367667,3.046303818,31.64556962,2.266545784,3.188097768,1.013718997,0,0,0.790826414,3.696857671,0,4.308487721,3.398248595,2.67997722,16.12903226,4.223864836,2.855955966,4.004404845,0,2.059308072,3.342245989,4.95196593,0,2.00120072,4.05196647,4.568743269,14.32664756,0,3.736455349,2.597571271,28.36879433,5.664652568,3.199606202,4.851385879,26.9179004,1.833852925,4.37870974,3.551021726,13.71742112,3.614022407,3.390733609
PA,Pennsylvania,0.612263641,0,22.93982707,1.582977163,0.913121557,0,12.95546559,1.398774016,0.509938705,6.426218973,1.4522219,1.138794667,0.817018495,8.016032064,2.788233654,1.623600659,1.536759282,8.714251763,1.332090049,2.186659756,2.060835875,7.794232268,2.591009198,2.592289559,1.138834248,3.887118091,0,1.293661061,1.456133964,7.892659826,1.203948953,2.018342698,1.465385501,7.856076675,0,1.941009487,2.631939107,7.723200494,2.206287921,2.986496194,2.011050192,10.19767807,5.319714863,2.986737272,0.638196033,6.24024961,0,1.131075491
RI,Rhode Island,0,21.18644068,0,0.990687537,1.269035533,0,0,0.988337616,0,0,0,0,0,0,0,0,0,0,0,0,1.329964091,0,0,0.991473329,0,18.21493625,0,0.986485153,0,0,0,0,0,17.66784452,6.523157208,1.972581122,1.36369835,0,0,0.984348853,0,17.54385965,0,0.986193294,0,0,0,0
SC,South Carolina,1.773489873,0.829531315,23.82370459,2.315672471,2.097608726,0,20.42900919,2.275986071,2.080948913,8.880277711,4.543389368,4.020998548,3.100775194,10.44176707,0,4.86779511,2.723404255,6.45734119,4.257130694,3.720645204,4.722868805,7.172457762,0,4.9824531,4.673677182,3.947264546,0,4.064779753,4.617718847,7.818608288,0,5.069708492,4.552105349,5.465334166,3.796507213,4.578278151,2.89230967,3.853267571,7.407407407,3.28906796,2.859957418,1.54059467,0,2.231327843,3.462385899,3.05997552,0,3.009510052
SD,South Dakota,0,0,0,0,0,0,0,0,1.494321578,0,0,1.27064803,4.47894894,0,0,3.790750569,0,0,0,0,1.472970982,0,0,1.232134056,1.456876457,0,0,1.217137293,2.912055911,0,0,2.412545235,2.892263196,0,0,2.392916966,2.896871379,0,0,2.38948626,2.886419397,0,0,2.356545305,2.867383513,0,0,2.349348056
TN,Tennessee,1.072317063,1.030502885,8.756567426,1.323363991,0.42627563,0,27.93296089,1.471405683,1.919344864,8.8365243,3.561253561,3.071352365,1.697684782,5.850234009,0,2.247010673,2.749344387,7.714561234,0,3.345334056,3.163288977,4.756016361,0,3.165208033,3.356972011,5.69476082,0,3.451088662,3.136762861,3.761519654,6.136851795,3.269602043,4.154549231,4.721881197,2.957704821,4.019976189,5.776769136,3.721276398,2.845759818,5.047260714,3.909384581,11.95292387,2.763957988,5.010324305,4.913501894,9.186954525,0,5.119787981
TX,Texas,2.31873718,9.261045726,1.854835905,2.791523918,2.136048488,13.99712491,1.452968526,3.070934436,2.520819266,8.682125674,2.783994175,3.172743691,2.413882507,6.070994929,2.396807036,2.67934624,3.550568979,10.78636047,2.972255532,3.939442884,4.236876716,8.212428141,3.920464826,4.306832732,4.379088974,8.982633575,3.233835721,4.185676615,5.565168999,7.480161311,4.299595838,4.929511717,5.365410411,8.641106062,2.81133154,4.378493136,2.76823793,6.882527765,2.92210757,3.113539189,3.187594228,6.765275685,4.568377868,3.925206965,4.210671043,10.31177969,2.65474979,3.994880896
UT,Utah,2.27055992,38.75968992,0,2.233139795,2.705383714,0,0,2.195068413,1.369550331,0,2.828854314,1.468374876,3.16027088,0,2.741979709,2.890695574,2.232043212,0,0,1.78463076,2.204974422,0,2.631578947,2.105706465,5.661034663,33.44481605,7.759958614,5.878691472,3.868804539,30.86419753,0,3.395355154,4.657267454,0,0,3.667522422,1.6720311,30.3030303,9.411764706,2.953337271,4.12984224,83.79888268,11.41031492,5.795421617,2.446682706,61.34969325,6.593406593,3.487524175
VA,Virginia,1.005308026,0,5.950019833,1.078399655,2.407221665,0,11.09877913,2.395910979,0.599832047,6.15889961,0,1.557672837,2.387679573,5.437737901,0,2.569472102,2.377508767,0.680272109,0,1.65278749,0.986640882,6.081491993,1.469507715,1.887813534,1.385562439,1.33671969,2.827254736,1.373969523,1.781014387,7.370184255,1.383700014,2.608306836,1.588656989,8.026218982,1.365001365,2.59872044,2.976662962,6.633059167,2.636783125,3.3166681,1.787807155,7.239699882,0,2.44436025,1.59454665,3.240230704,0,1.588251823
VT,Vermont,0,0,0,0,0,0,0,0,0,144.9275362,0,1.668056714,0,0,0,0,3.529204164,0,0,3.329448976,1.763046544,0,0,1.659200265,0,0,114.9425287,1.666666667,1.773364072,0,0,1.66002656,5.351409204,0,0,5.003335557,1.788908766,0,0,1.666111296,7.169743682,0,0,6.66000666,5.404431634,0,0,5.015883631
WA,Washington,0.834097923,4.880429478,1.6,0.9418413,3.929110573,0,1.496781919,3.083279376,3.767030115,9.319664492,1.353912808,3.19347922,6.047966632,4.616805171,6.501950585,5.259677807,3.314550878,8.654262224,0,2.67343938,3.314482216,25.98527501,3.701418877,3.67766042,5.572985469,8.837825895,3.580806875,4.646030548,2.248569092,4.128819158,1.157809425,1.856400297,3.030915336,20.49180328,3.386386725,3.228477983,3.617290649,32.4017821,5.458515284,4.28188624,2.596779993,3.721622627,2.105928188,2.17155266,2.593154073,31.83586841,8.292733492,4.041002707
WI,Wisconsin,0.214652156,0,0,0.182898948,0.429636313,0,3.455425017,0.546179475,1.08173597,12.11020285,3.06936771,1.807207142,0.865145453,6.077180188,0,1.08110056,1.297297297,0,0,1.077954043,1.947714681,12.01923077,2.822466836,2.503352705,1.299151221,9.071666163,0,1.606110358,1.951008021,5.906674542,8.116883117,2.490704336,2.822895857,17.92114695,2.666666667,3.556630448,3.260515161,18.28710759,0,3.721424774,1.522235512,11.44819691,0,1.942501943,2.607278653,11.45475372,2.489419965,2.994486622
WV,West Virginia,1.20875136,0,49.75124378,1.699524133,1.207000604,0,49.5049505,1.695969246,0,0,0,0,1.185677022,19.34235977,0,1.664632116,5.354911644,18.11594203,0,5.55000555,4.175365344,18.65671642,0,4.448893338,3.002642325,0,0,2.790801518,4.812609036,32.78688525,0,5.581914597,9.108021131,16.36661211,0,8.980187461,6.741848492,15.55209953,0,6.810056183,2.469135802,31.59557662,0,3.424071221,4.972032318,35.77817531,0,5.750431282
WY,Wyoming,0,0,0,0,0,0,0,0,0,0,0,0,4.223864836,0,0,3.625815809,2.109704641,0,0,1.788908766,2.0733983,0,0,1.762735766,6.261740764,0,0,5.277044855,12.51564456,0,0,10.54666901,4.14507772,0,18.28153565,5.268703899,2.107925801,0,0,1.775252974,6.361323155,0,17.85714286,7.139032661,2.120441052,0,17.51313485,3.554291807
Average,Average,1.157183189,3.453886336,3.868548049,1.76787407,1.413628097,3.589020424,4.128583134,2.000014094,1.751420292,5.881004906,2.318398813,2.207397641,1.978336178,7.42887062,3.011716166,2.652757944,2.303625063,8.315262583,3.090384077,2.976652435,2.604226228,8.376946428,3.619816887,3.26173346,2.707622972,6.994680851,3.348144092,3.110773851,3.104980534,7.64673155,3.421353227,3.443337908,3.277285348,8.008402258,3.348508489,3.574314417,3.15073785,7.732502285,3.822078759,3.542333088,3.034605959,7.24311516,3.607849038,3.372071337,2.612680313,7.717577812,3.147069672,3.091629702